Field,ID,Type (Type),default,en,ar,be,bg,ca,cs,da,de,el,es,eu,fa,fr,gl,hr,hu,hy,id,it,ja,ka,ko,lt,nl,pl,pt,pt-br,ro,ru,sk,sq,sv,th,tr,uk,zh-cn,zh-hk,zh-tw
Description,2,Text,,"See detailed information about various media files in a modern fashion.

FluentInfo is a GUI for the MediaInfo library that integrates well with the modern Windows desktop.

This app is open-source: https://github.com/ubuntuegor/FluentInfo","اطّلع على معلومات تفصيلية حول ملفات وسائط متعددة بطريقة عصرية.

FluentInfo هي واجهة رسومية لمكتبة MediaInfo تتكامل بشكل جيد مع سطح مكتب Windows الحديث.

هذا التطبيق مفتوح المصدر: https://github.com/ubuntuegor/FluentInfo","Праглядзіце падрабязную інфармацыю пра розныя медыяфайлы ў сучасным стылі.

FluentInfo — гэта графічны інтэрфейс для бібліятэкі MediaInfo, які добра інтэгруецца з сучасным працоўным сталом Windows.

Гэта праграма з адкрытым зыходным кодам: https://github.com/ubuntuegor/FluentInfo","Вижте подробна информация за различни медийни файлове по модерен начин.

FluentInfo е GUI за библиотеката MediaInfo, която се интегрира добре с модерния работен плот на Windows.

Това приложение е с отворен код: https://github.com/ubuntuegor/FluentInfo","Vegeu informació detallada de diversos fitxers multimèdia d’una manera moderna.

FluentInfo és una GUI per a la biblioteca MediaInfo que s’integra bé amb l’escriptori modern de Windows.

Aquesta aplicació és de codi obert: https://github.com/ubuntuegor/FluentInfo","Zobrazte si podrobné informace o různých mediálních souborech moderním způsobem.

FluentInfo je GUI pro knihovnu MediaInfo, které se dobře integruje do moderního prostředí Windows.

Tato aplikace je open source: https://github.com/ubuntuegor/FluentInfo","Se detaljerede oplysninger om forskellige mediefiler på en moderne måde.

FluentInfo er en GUI til MediaInfo-biblioteket, der integrerer godt med det moderne Windows-skrivebord.

Denne app er open source: https://github.com/ubuntuegor/FluentInfo","Detaillierte Informationen zu verschiedenen Mediendateien im modernen Stil anzeigen.

FluentInfo ist eine GUI für die MediaInfo-Bibliothek und integriert sich gut in den modernen Windows-Desktop.

Diese App ist Open Source: https://github.com/ubuntuegor/FluentInfo","Δείτε λεπτομερείς πληροφορίες για διάφορα αρχεία πολυμέσων με σύγχρονο τρόπο.

Το FluentInfo είναι ένα GUI για τη βιβλιοθήκη MediaInfo που ενσωματώνεται άψογα στη σύγχρονη επιφάνεια εργασίας των Windows.

Αυτή η εφαρμογή είναι ανοιχτού κώδικα: https://github.com/ubuntuegor/FluentInfo","Vea información detallada sobre varios archivos multimedia de forma moderna.

FluentInfo es una interfaz gráfica para la biblioteca MediaInfo que se integra bien con el escritorio moderno de Windows.

Esta aplicación es de código abierto: https://github.com/ubuntuegor/FluentInfo","Ikusi hainbat multimedia-fitxategiren informazio zehatza, modu modernoan.

FluentInfo MediaInfo liburutegirako GUI bat da, eta Windows mahaigain modernoarekin ondo integratzen da.

Aplikazio hau kode irekikoa da: https://github.com/ubuntuegor/FluentInfo","اطلاعات دقیق انواع فایل‌های رسانه‌ای را با ظاهری مدرن ببینید.

FluentInfo یک رابط کاربری گرافیکی برای کتابخانهٔ MediaInfo است که با دسکتاپ مدرن ویندوز به‌خوبی یکپارچه می‌شود.

این برنامه متن‌باز است: https://github.com/ubuntuegor/FluentInfo","Affichez des informations détaillées sur divers fichiers multimédias dans une interface moderne.

FluentInfo est une interface graphique pour la bibliothèque MediaInfo qui s’intègre parfaitement au bureau Windows moderne.

Cette application est open source : https://github.com/ubuntuegor/FluentInfo","Consulta información detallada de varios ficheiros multimedia cun estilo moderno.

FluentInfo é unha interface gráfica para a biblioteca MediaInfo que se integra ben co escritorio moderno de Windows.

Esta aplicación é de código aberto: https://github.com/ubuntuegor/FluentInfo","Pogledajte detaljne informacije o raznim medijskim datotekama na moderan način.

FluentInfo je GUI za biblioteku MediaInfo koji se dobro uklapa u moderno Windows radno okruženje.

Ova je aplikacija otvorenog koda: https://github.com/ubuntuegor/FluentInfo","Tekintse meg különféle médiafájlok részletes adatait modern módon.

A FluentInfo a MediaInfo könyvtár grafikus felülete, amely jól illeszkedik a modern Windows asztali környezetbe.

Ez az alkalmazás nyílt forráskódú: https://github.com/ubuntuegor/FluentInfo","Դիտեք տարբեր մեդիա ֆայլերի մանրամասն տեղեկություն՝ ժամանակակից ոճով։

FluentInfo-ը MediaInfo գրադարանի GUI է, որը լավ է ինտեգրվում ժամանակակից Windows աշխատասեղանի հետ։

Այս հավելվածը բաց կոդով է՝ https://github.com/ubuntuegor/FluentInfo","Lihat informasi terperinci tentang berbagai file media dengan tampilan modern.

FluentInfo adalah GUI untuk pustaka MediaInfo yang terintegrasi dengan baik dengan desktop Windows modern.

Aplikasi ini bersifat sumber terbuka: https://github.com/ubuntuegor/FluentInfo","Vedi informazioni dettagliate su vari file multimediali in stile moderno.

FluentInfo è una GUI per la libreria MediaInfo che si integra bene con il moderno desktop di Windows.

Questa app è open source: https://github.com/ubuntuegor/FluentInfo","さまざまなメディア ファイルの詳細情報を、モダンな表示で確認できます。

FluentInfo は MediaInfo ライブラリの GUI で、モダンな Windows デスクトップに自然に統合されます。

このアプリはオープンソースです: https://github.com/ubuntuegor/FluentInfo","იხილეთ სხვადასხვა მედია ფაილის დეტალური ინფორმაცია თანამედროვე სტილში.

FluentInfo არის MediaInfo ბიბლიოთეკის GUI, რომელიც კარგად ინტეგრირდება თანამედროვე Windows დესკტოპთან.

ეს აპი არის open-source: https://github.com/ubuntuegor/FluentInfo","다양한 미디어 파일의 자세한 정보를 현대적인 방식으로 확인하세요.

FluentInfo는 최신 Windows 데스크톱과 잘 통합되는 MediaInfo 라이브러리용 GUI입니다.

이 앱은 오픈 소스입니다: https://github.com/ubuntuegor/FluentInfo","Peržiūrėkite išsamią įvairių medijos failų informaciją šiuolaikiškai.

FluentInfo yra MediaInfo bibliotekos grafinė sąsaja, gerai integruota į šiuolaikinę Windows darbalaukio aplinką.

Ši programa yra atvirojo kodo: https://github.com/ubuntuegor/FluentInfo","Bekijk gedetailleerde informatie over verschillende mediabestanden in een moderne stijl.

FluentInfo is een GUI voor de MediaInfo-bibliotheek die goed integreert met het moderne Windows-bureaublad.

Deze app is open-source: https://github.com/ubuntuegor/FluentInfo","Zobacz szczegółowe informacje o różnych plikach multimedialnych w nowoczesnej formie.

FluentInfo to GUI dla biblioteki MediaInfo, które dobrze integruje się z nowoczesnym pulpitem Windows.

Ta aplikacja jest open source: https://github.com/ubuntuegor/FluentInfo","Veja informações detalhadas sobre vários ficheiros multimédia de forma moderna.

O FluentInfo é uma interface gráfica para a biblioteca MediaInfo que se integra bem no ambiente de trabalho moderno do Windows.

Esta aplicação é de código aberto: https://github.com/ubuntuegor/FluentInfo","Veja informações detalhadas sobre vários arquivos de mídia de forma moderna.

O FluentInfo é uma interface gráfica para a biblioteca MediaInfo que se integra bem à área de trabalho moderna do Windows.

Este aplicativo é de código aberto: https://github.com/ubuntuegor/FluentInfo","Vedeți informații detaliate despre diverse fișiere media, într-un stil modern.

FluentInfo este o interfață GUI pentru biblioteca MediaInfo, care se integrează bine cu desktopul modern Windows.

Această aplicație este open-source: https://github.com/ubuntuegor/FluentInfo","Просматривайте подробные сведения о различных медиафайлах в современном стиле.

FluentInfo — графическая оболочка для библиотеки MediaInfo, хорошо интегрированная с современным рабочим столом Windows.

Это приложение с открытым исходным кодом: https://github.com/ubuntuegor/FluentInfo","Zobrazte podrobné informácie o rôznych mediálnych súboroch moderným spôsobom.

FluentInfo je GUI pre knižnicu MediaInfo, ktoré sa dobre integruje do moderného prostredia Windows.

Táto aplikácia je open-source: https://github.com/ubuntuegor/FluentInfo","Shikoni informacion të detajuar për skedarë të ndryshëm media në mënyrë moderne.

FluentInfo është një GUI për bibliotekën MediaInfo që integrohet mirë me desktopin modern të Windows.

Ky aplikacion është me burim të hapur: https://github.com/ubuntuegor/FluentInfo","Se detaljerad information om olika mediafiler på ett modernt sätt.

FluentInfo är ett GUI för biblioteket MediaInfo som integreras väl med det moderna Windows-skrivbordet.

Den här appen är öppen källkod: https://github.com/ubuntuegor/FluentInfo","ดูข้อมูลโดยละเอียดของไฟล์สื่อต่างๆ ในรูปแบบทันสมัย

FluentInfo คือ GUI สำหรับไลบรารี MediaInfo ที่ผสานการทำงานได้ดีกับเดสก์ท็อป Windows รุ่นใหม่

แอปนี้เป็นโอเพนซอร์ส: https://github.com/ubuntuegor/FluentInfo","Çeşitli medya dosyaları hakkında ayrıntılı bilgileri modern bir şekilde görüntüleyin.

FluentInfo, modern Windows masaüstüyle iyi tümleşen MediaInfo kitaplığı için bir GUI’dir.

Bu uygulama açık kaynaklıdır: https://github.com/ubuntuegor/FluentInfo","Переглядайте докладну інформацію про різні медіафайли в сучасному стилі.

FluentInfo — це GUI для бібліотеки MediaInfo, який добре інтегрується із сучасним робочим столом Windows.

Ця програма має відкритий код: https://github.com/ubuntuegor/FluentInfo","以现代方式查看各种媒体文件的详细信息。

FluentInfo 是 MediaInfo 库的图形界面 (GUI)，可与现代 Windows 桌面良好集成。

此应用为开源项目：https://github.com/ubuntuegor/FluentInfo","以現代化方式查看各種媒體檔案的詳細資訊。

FluentInfo 係 MediaInfo 程式庫嘅 GUI，可與現代 Windows 桌面良好整合。

此應用程式係開放原始碼：https://github.com/ubuntuegor/FluentInfo","以現代化方式檢視各種媒體檔案的詳細資訊。

FluentInfo 是 MediaInfo 程式庫的 GUI，並可與現代 Windows 桌面良好整合。

此應用程式為開放原始碼：https://github.com/ubuntuegor/FluentInfo"
ReleaseNotes,3,Text,,"• Updated MediaInfo to 26.01
• Added support for many languages","• تم تحديث MediaInfo إلى 26.01
• تمت إضافة دعم للعديد من اللغات","• Абноўлена MediaInfo да 26.01
• Дададзена падтрымка многіх моў","• MediaInfo е обновен до 26.01
• Добавена е поддръжка за много езици","• S'ha actualitzat MediaInfo a la 26.01
• S'ha afegit compatibilitat amb molts idiomes","• Aktualizován MediaInfo na 26.01
• Přidána podpora mnoha jazyků","• Opdaterede MediaInfo til 26.01
• Tilføjede understøttelse af mange sprog","• MediaInfo auf 26.01 aktualisiert
• Unterstützung für viele Sprachen hinzugefügt","• Ενημερώθηκε το MediaInfo σε 26.01
• Προστέθηκε υποστήριξη για πολλές γλώσσες","• MediaInfo actualizado a 26.01
• Se añadió compatibilidad con muchos idiomas","• MediaInfo 26.01era eguneratu da
• Hizkuntza askorentzako laguntza gehitu da","• MediaInfo به 26.01 به‌روزرسانی شد
• پشتیبانی از زبان‌های متعدد افزوده شد","• MediaInfo mis à jour vers 26.01
• Ajout de la prise en charge de nombreuses langues","• MediaInfo actualizado a 26.01
• Engadiuse compatibilidade con moitos idiomas","• Ažuriran MediaInfo na 26.01
• Dodana podrška za mnoge jezike","• A MediaInfo frissítve 26.01 verzióra
• Sok nyelv támogatása hozzáadva","• Թարմացվեց MediaInfo-ը՝ 26.01
• Ավելացվեց բազմաթիվ լեզուների աջակցություն","• MediaInfo diperbarui ke 26.01
• Menambahkan dukungan untuk banyak bahasa","• MediaInfo aggiornato alla 26.01
• Aggiunto supporto per molte lingue","• MediaInfo を 26.01 に更新
• 多くの言語に対応","• MediaInfo განახლდა 26.01-მდე
• დაემატა მრავალი ენის მხარდაჭერა","• MediaInfo를 26.01로 업데이트
• 여러 언어 지원 추가","• Atnaujinta MediaInfo į 26.01
• Pridėtas daugelio kalbų palaikymas","• MediaInfo bijgewerkt naar 26.01
• Ondersteuning voor veel talen toegevoegd","• Zaktualizowano MediaInfo do 26.01
• Dodano obsługę wielu języków","• MediaInfo atualizado para 26.01
• Suporte adicionado para muitos idiomas","• MediaInfo atualizado para 26.01
• Adicionado suporte a vários idiomas","• MediaInfo actualizat la 26.01
• Suport adăugat pentru multe limbi","• Обновлён MediaInfo до 26.01
• Добавлена поддержка многих языков","• Aktualizovaný MediaInfo na 26.01
• Pridaná podpora pre mnohé jazyky","• MediaInfo u përditësua në 26.01
• U shtua mbështetje për shumë gjuhë","• Uppdaterade MediaInfo till 26.01
• Lade till stöd för många språk","• อัปเดต MediaInfo เป็น 26.01
• เพิ่มการรองรับหลายภาษา","• MediaInfo 26.01’e güncellendi
• Birçok dil için destek eklendi","• Оновлено MediaInfo до 26.01
• Додано підтримку багатьох мов","• 已将 MediaInfo 更新至 26.01
• 已添加多种语言支持","• 已更新 MediaInfo 至 26.01
• 新增對多種語言嘅支援","• 已更新 MediaInfo 至 26.01
• 已新增多種語言支援"
Title,4,Text,,FluentInfo,FluentInfo,FluentInfo,FluentInfo,FluentInfo,FluentInfo,FluentInfo,FluentInfo,FluentInfo,FluentInfo,FluentInfo,FluentInfo,FluentInfo,FluentInfo,FluentInfo,FluentInfo,FluentInfo,FluentInfo,FluentInfo,FluentInfo,FluentInfo,FluentInfo,FluentInfo,FluentInfo,FluentInfo,FluentInfo,FluentInfo,FluentInfo,FluentInfo,FluentInfo,FluentInfo,FluentInfo,FluentInfo,FluentInfo,FluentInfo,FluentInfo,FluentInfo,FluentInfo
ShortTitle,5,Text,,,,,,,,,,,,,,,,,,,,,,,,,,,,,,,,,,,,,,,
SortTitle,6,Text,,,,,,,,,,,,,,,,,,,,,,,,,,,,,,,,,,,,,,,
VoiceTitle,7,Text,,,,,,,,,,,,,,,,,,,,,,,,,,,,,,,,,,,,,,,
ShortDescription,8,Text,,,,,,,,,,,,,,,,,,,,,,,,,,,,,,,,,,,,,,,
DevStudio,9,Text,,,,,,,,,,,,,,,,,,,,,,,,,,,,,,,,,,,,,,,
CopyrightTrademarkInformation,12,Text,,,,,,,,,,,,,,,,,,,,,,,,,,,,,,,,,,,,,,,
AdditionalLicenseTerms,13,Text,,,,,,,,,,,,,,,,,,,,,,,,,,,,,,,,,,,,,,,
DesktopScreenshot1,100,Relative path (or URL to file in Partner Center),,https://developer.microsoft.com/en-us/dashboard/apps/9N949BZL5KM2/submissions/1152921505700550202/listings/1152922700023926137/listingassets/3019282823112565288,https://developer.microsoft.com/en-us/dashboard/apps/9N949BZL5KM2/submissions/1152921505700550202/listings/1152922700023926329/listingassets/3049108820602601501,https://developer.microsoft.com/en-us/dashboard/apps/9N949BZL5KM2/submissions/1152921505700550202/listings/1152922700023926301/listingassets/3033197379213353068,https://developer.microsoft.com/en-us/dashboard/apps/9N949BZL5KM2/submissions/1152921505700550202/listings/1152922700023926303/listingassets/3055407528070114863,https://developer.microsoft.com/en-us/dashboard/apps/9N949BZL5KM2/submissions/1152921505700550202/listings/1152922700023926305/listingassets/3051736846149802411,https://developer.microsoft.com/en-us/dashboard/apps/9N949BZL5KM2/submissions/1152921505700550202/listings/1152922700023926307/listingassets/3008151810626542352,https://developer.microsoft.com/en-us/dashboard/apps/9N949BZL5KM2/submissions/1152921505700550202/listings/1152922700023926309/listingassets/3037161856903142041,https://developer.microsoft.com/en-us/dashboard/apps/9N949BZL5KM2/submissions/1152921505700550202/listings/1152922700023926311/listingassets/3024578885398540612,https://developer.microsoft.com/en-us/dashboard/apps/9N949BZL5KM2/submissions/1152921505700550202/listings/1152922700023926313/listingassets/3049979774557214095,https://developer.microsoft.com/en-us/dashboard/apps/9N949BZL5KM2/submissions/1152921505700550202/listings/1152922700023926315/listingassets/3031422632701096908,https://developer.microsoft.com/en-us/dashboard/apps/9N949BZL5KM2/submissions/1152921505700550202/listings/1152922700023926317/listingassets/3005908889814088684,https://developer.microsoft.com/en-us/dashboard/apps/9N949BZL5KM2/submissions/1152921505700550202/listings/1152922700023926319/listingassets/3070004236058588322,https://developer.microsoft.com/en-us/dashboard/apps/9N949BZL5KM2/submissions/1152921505700550202/listings/1152922700023926321/listingassets/3035956724330571588,https://developer.microsoft.com/en-us/dashboard/apps/9N949BZL5KM2/submissions/1152921505700550202/listings/1152922700023926323/listingassets/3036298457788228603,https://developer.microsoft.com/en-us/dashboard/apps/9N949BZL5KM2/submissions/1152921505700550202/listings/1152922700023926325/listingassets/3044316306404741588,https://developer.microsoft.com/en-us/dashboard/apps/9N949BZL5KM2/submissions/1152921505700550202/listings/1152922700023926327/listingassets/3040630474553701466,https://developer.microsoft.com/en-us/dashboard/apps/9N949BZL5KM2/submissions/1152921505700550202/listings/1152922700023926359/listingassets/3056538228247552894,https://developer.microsoft.com/en-us/dashboard/apps/9N949BZL5KM2/submissions/1152921505700550202/listings/1152922700023926357/listingassets/3045843018631883662,https://developer.microsoft.com/en-us/dashboard/apps/9N949BZL5KM2/submissions/1152921505700550202/listings/1152922700023926355/listingassets/3010253814277390293,https://developer.microsoft.com/en-us/dashboard/apps/9N949BZL5KM2/submissions/1152921505700550202/listings/1152922700023926353/listingassets/3015449762791404953,https://developer.microsoft.com/en-us/dashboard/apps/9N949BZL5KM2/submissions/1152921505700550202/listings/1152922700023926330/listingassets/3064645985555435841,https://developer.microsoft.com/en-us/dashboard/apps/9N949BZL5KM2/submissions/1152921505700550202/listings/1152922700023926332/listingassets/3062786625481362251,https://developer.microsoft.com/en-us/dashboard/apps/9N949BZL5KM2/submissions/1152921505700550202/listings/1152922700023926334/listingassets/3030483286710629566,https://developer.microsoft.com/en-us/dashboard/apps/9N949BZL5KM2/submissions/1152921505700550202/listings/1152922700023926336/listingassets/3004110964880682736,https://developer.microsoft.com/en-us/dashboard/apps/9N949BZL5KM2/submissions/1152921505700550202/listings/1152922700023926338/listingassets/3042363296842382063,https://developer.microsoft.com/en-us/dashboard/apps/9N949BZL5KM2/submissions/1152921505700550202/listings/1152922700023926340/listingassets/3009126266330114069,https://developer.microsoft.com/en-us/dashboard/apps/9N949BZL5KM2/submissions/1152921505700550202/listings/1152922700023926342/listingassets/3027469296604769510,https://developer.microsoft.com/en-us/dashboard/apps/9N949BZL5KM2/submissions/1152921505700550202/listings/1152922700023926344/listingassets/3047932002880336302,https://developer.microsoft.com/en-us/dashboard/apps/9N949BZL5KM2/submissions/1152921505700550202/listings/1152922700023926346/listingassets/3052391846335569494,https://developer.microsoft.com/en-us/dashboard/apps/9N949BZL5KM2/submissions/1152921505700550202/listings/1152922700023926348/listingassets/3063516280563003024,https://developer.microsoft.com/en-us/dashboard/apps/9N949BZL5KM2/submissions/1152921505700550202/listings/1152922700023926350/listingassets/3002165824778309883,https://developer.microsoft.com/en-us/dashboard/apps/9N949BZL5KM2/submissions/1152921505700550202/listings/1152922700023926389/listingassets/3030247538718760772,https://developer.microsoft.com/en-us/dashboard/apps/9N949BZL5KM2/submissions/1152921505700550202/listings/1152922700023926387/listingassets/3063413974919230658,https://developer.microsoft.com/en-us/dashboard/apps/9N949BZL5KM2/submissions/1152921505700550202/listings/1152922700023926385/listingassets/3057897567403598192,https://developer.microsoft.com/en-us/dashboard/apps/9N949BZL5KM2/submissions/1152921505700550202/listings/1152922700023926383/listingassets/3025518060557925312,https://developer.microsoft.com/en-us/dashboard/apps/9N949BZL5KM2/submissions/1152921505700550202/listings/1152922700023926381/listingassets/3001072210745631989,https://developer.microsoft.com/en-us/dashboard/apps/9N949BZL5KM2/submissions/1152921505700550202/listings/1152922700023926379/listingassets/3054988731794191449,https://developer.microsoft.com/en-us/dashboard/apps/9N949BZL5KM2/submissions/1152921505700550202/listings/1152922700023926377/listingassets/3041897262157245199
DesktopScreenshot2,101,Relative path (or URL to file in Partner Center),,https://developer.microsoft.com/en-us/dashboard/apps/9N949BZL5KM2/submissions/1152921505700550202/listings/1152922700023926137/listingassets/3067863739831325311,https://developer.microsoft.com/en-us/dashboard/apps/9N949BZL5KM2/submissions/1152921505700550202/listings/1152922700023926329/listingassets/3012806158191318743,https://developer.microsoft.com/en-us/dashboard/apps/9N949BZL5KM2/submissions/1152921505700550202/listings/1152922700023926301/listingassets/3029465929476058570,https://developer.microsoft.com/en-us/dashboard/apps/9N949BZL5KM2/submissions/1152921505700550202/listings/1152922700023926303/listingassets/3065415827506932032,https://developer.microsoft.com/en-us/dashboard/apps/9N949BZL5KM2/submissions/1152921505700550202/listings/1152922700023926305/listingassets/3032175573772407868,https://developer.microsoft.com/en-us/dashboard/apps/9N949BZL5KM2/submissions/1152921505700550202/listings/1152922700023926307/listingassets/3011487038774959422,https://developer.microsoft.com/en-us/dashboard/apps/9N949BZL5KM2/submissions/1152921505700550202/listings/1152922700023926309/listingassets/3030823845589872740,https://developer.microsoft.com/en-us/dashboard/apps/9N949BZL5KM2/submissions/1152921505700550202/listings/1152922700023926311/listingassets/3001806581344573414,https://developer.microsoft.com/en-us/dashboard/apps/9N949BZL5KM2/submissions/1152921505700550202/listings/1152922700023926313/listingassets/3030050920489940098,https://developer.microsoft.com/en-us/dashboard/apps/9N949BZL5KM2/submissions/1152921505700550202/listings/1152922700023926315/listingassets/3069431199424528451,https://developer.microsoft.com/en-us/dashboard/apps/9N949BZL5KM2/submissions/1152921505700550202/listings/1152922700023926317/listingassets/3056395451316909505,https://developer.microsoft.com/en-us/dashboard/apps/9N949BZL5KM2/submissions/1152921505700550202/listings/1152922700023926319/listingassets/3007993922660972392,https://developer.microsoft.com/en-us/dashboard/apps/9N949BZL5KM2/submissions/1152921505700550202/listings/1152922700023926321/listingassets/3062767111660399453,https://developer.microsoft.com/en-us/dashboard/apps/9N949BZL5KM2/submissions/1152921505700550202/listings/1152922700023926323/listingassets/3051072078333635156,https://developer.microsoft.com/en-us/dashboard/apps/9N949BZL5KM2/submissions/1152921505700550202/listings/1152922700023926325/listingassets/3015694279632070086,https://developer.microsoft.com/en-us/dashboard/apps/9N949BZL5KM2/submissions/1152921505700550202/listings/1152922700023926327/listingassets/3028307686019880768,https://developer.microsoft.com/en-us/dashboard/apps/9N949BZL5KM2/submissions/1152921505700550202/listings/1152922700023926359/listingassets/3039814607066656021,https://developer.microsoft.com/en-us/dashboard/apps/9N949BZL5KM2/submissions/1152921505700550202/listings/1152922700023926357/listingassets/3025409863914966430,https://developer.microsoft.com/en-us/dashboard/apps/9N949BZL5KM2/submissions/1152921505700550202/listings/1152922700023926355/listingassets/3002941184016270664,https://developer.microsoft.com/en-us/dashboard/apps/9N949BZL5KM2/submissions/1152921505700550202/listings/1152922700023926353/listingassets/3051891717057979236,https://developer.microsoft.com/en-us/dashboard/apps/9N949BZL5KM2/submissions/1152921505700550202/listings/1152922700023926330/listingassets/3031856410785318456,https://developer.microsoft.com/en-us/dashboard/apps/9N949BZL5KM2/submissions/1152921505700550202/listings/1152922700023926332/listingassets/3054499033153348838,https://developer.microsoft.com/en-us/dashboard/apps/9N949BZL5KM2/submissions/1152921505700550202/listings/1152922700023926334/listingassets/3058359506624171251,https://developer.microsoft.com/en-us/dashboard/apps/9N949BZL5KM2/submissions/1152921505700550202/listings/1152922700023926336/listingassets/3007658148389699012,https://developer.microsoft.com/en-us/dashboard/apps/9N949BZL5KM2/submissions/1152921505700550202/listings/1152922700023926338/listingassets/3023613559662082300,https://developer.microsoft.com/en-us/dashboard/apps/9N949BZL5KM2/submissions/1152921505700550202/listings/1152922700023926340/listingassets/3032497504215077311,https://developer.microsoft.com/en-us/dashboard/apps/9N949BZL5KM2/submissions/1152921505700550202/listings/1152922700023926342/listingassets/3018315279459055821,https://developer.microsoft.com/en-us/dashboard/apps/9N949BZL5KM2/submissions/1152921505700550202/listings/1152922700023926344/listingassets/3058552814914006023,https://developer.microsoft.com/en-us/dashboard/apps/9N949BZL5KM2/submissions/1152921505700550202/listings/1152922700023926346/listingassets/3056110552094886819,https://developer.microsoft.com/en-us/dashboard/apps/9N949BZL5KM2/submissions/1152921505700550202/listings/1152922700023926348/listingassets/3058756173360756939,https://developer.microsoft.com/en-us/dashboard/apps/9N949BZL5KM2/submissions/1152921505700550202/listings/1152922700023926350/listingassets/3023239331185017975,https://developer.microsoft.com/en-us/dashboard/apps/9N949BZL5KM2/submissions/1152921505700550202/listings/1152922700023926389/listingassets/3007955391913909086,https://developer.microsoft.com/en-us/dashboard/apps/9N949BZL5KM2/submissions/1152921505700550202/listings/1152922700023926387/listingassets/3054535654317705323,https://developer.microsoft.com/en-us/dashboard/apps/9N949BZL5KM2/submissions/1152921505700550202/listings/1152922700023926385/listingassets/3005461070713199053,https://developer.microsoft.com/en-us/dashboard/apps/9N949BZL5KM2/submissions/1152921505700550202/listings/1152922700023926383/listingassets/3063933068348004171,https://developer.microsoft.com/en-us/dashboard/apps/9N949BZL5KM2/submissions/1152921505700550202/listings/1152922700023926381/listingassets/3009657353354634987,https://developer.microsoft.com/en-us/dashboard/apps/9N949BZL5KM2/submissions/1152921505700550202/listings/1152922700023926379/listingassets/3034396891382020625,https://developer.microsoft.com/en-us/dashboard/apps/9N949BZL5KM2/submissions/1152921505700550202/listings/1152922700023926377/listingassets/3031963696148468270
DesktopScreenshot3,102,Relative path (or URL to file in Partner Center),,https://developer.microsoft.com/en-us/dashboard/apps/9N949BZL5KM2/submissions/1152921505700550202/listings/1152922700023926137/listingassets/3067317570901971824,https://developer.microsoft.com/en-us/dashboard/apps/9N949BZL5KM2/submissions/1152921505700550202/listings/1152922700023926329/listingassets/3048498907096803761,https://developer.microsoft.com/en-us/dashboard/apps/9N949BZL5KM2/submissions/1152921505700550202/listings/1152922700023926301/listingassets/3059213123831825463,https://developer.microsoft.com/en-us/dashboard/apps/9N949BZL5KM2/submissions/1152921505700550202/listings/1152922700023926303/listingassets/3026355700673556972,https://developer.microsoft.com/en-us/dashboard/apps/9N949BZL5KM2/submissions/1152921505700550202/listings/1152922700023926305/listingassets/3038380872197988167,https://developer.microsoft.com/en-us/dashboard/apps/9N949BZL5KM2/submissions/1152921505700550202/listings/1152922700023926307/listingassets/3046150712988130203,https://developer.microsoft.com/en-us/dashboard/apps/9N949BZL5KM2/submissions/1152921505700550202/listings/1152922700023926309/listingassets/3058005249682198226,https://developer.microsoft.com/en-us/dashboard/apps/9N949BZL5KM2/submissions/1152921505700550202/listings/1152922700023926311/listingassets/3005816647976734655,https://developer.microsoft.com/en-us/dashboard/apps/9N949BZL5KM2/submissions/1152921505700550202/listings/1152922700023926313/listingassets/3032045192899731531,https://developer.microsoft.com/en-us/dashboard/apps/9N949BZL5KM2/submissions/1152921505700550202/listings/1152922700023926315/listingassets/3027158748925315292,https://developer.microsoft.com/en-us/dashboard/apps/9N949BZL5KM2/submissions/1152921505700550202/listings/1152922700023926317/listingassets/3064416621342903843,https://developer.microsoft.com/en-us/dashboard/apps/9N949BZL5KM2/submissions/1152921505700550202/listings/1152922700023926319/listingassets/3044296065046478162,https://developer.microsoft.com/en-us/dashboard/apps/9N949BZL5KM2/submissions/1152921505700550202/listings/1152922700023926321/listingassets/3019577909969399300,https://developer.microsoft.com/en-us/dashboard/apps/9N949BZL5KM2/submissions/1152921505700550202/listings/1152922700023926323/listingassets/3052600745242190338,https://developer.microsoft.com/en-us/dashboard/apps/9N949BZL5KM2/submissions/1152921505700550202/listings/1152922700023926325/listingassets/3025992486207858386,https://developer.microsoft.com/en-us/dashboard/apps/9N949BZL5KM2/submissions/1152921505700550202/listings/1152922700023926327/listingassets/3046412095414555707,https://developer.microsoft.com/en-us/dashboard/apps/9N949BZL5KM2/submissions/1152921505700550202/listings/1152922700023926359/listingassets/3006459032865057288,https://developer.microsoft.com/en-us/dashboard/apps/9N949BZL5KM2/submissions/1152921505700550202/listings/1152922700023926357/listingassets/3055448549626960796,https://developer.microsoft.com/en-us/dashboard/apps/9N949BZL5KM2/submissions/1152921505700550202/listings/1152922700023926355/listingassets/3016257634765873465,https://developer.microsoft.com/en-us/dashboard/apps/9N949BZL5KM2/submissions/1152921505700550202/listings/1152922700023926353/listingassets/3049484426534043915,https://developer.microsoft.com/en-us/dashboard/apps/9N949BZL5KM2/submissions/1152921505700550202/listings/1152922700023926330/listingassets/3052642096222354900,https://developer.microsoft.com/en-us/dashboard/apps/9N949BZL5KM2/submissions/1152921505700550202/listings/1152922700023926332/listingassets/3030024388479587073,https://developer.microsoft.com/en-us/dashboard/apps/9N949BZL5KM2/submissions/1152921505700550202/listings/1152922700023926334/listingassets/3047021009651540613,https://developer.microsoft.com/en-us/dashboard/apps/9N949BZL5KM2/submissions/1152921505700550202/listings/1152922700023926336/listingassets/3037981854617938836,https://developer.microsoft.com/en-us/dashboard/apps/9N949BZL5KM2/submissions/1152921505700550202/listings/1152922700023926338/listingassets/3004098204461651232,https://developer.microsoft.com/en-us/dashboard/apps/9N949BZL5KM2/submissions/1152921505700550202/listings/1152922700023926340/listingassets/3033194360248363051,https://developer.microsoft.com/en-us/dashboard/apps/9N949BZL5KM2/submissions/1152921505700550202/listings/1152922700023926342/listingassets/3010685353992830570,https://developer.microsoft.com/en-us/dashboard/apps/9N949BZL5KM2/submissions/1152921505700550202/listings/1152922700023926344/listingassets/3065145554878935458,https://developer.microsoft.com/en-us/dashboard/apps/9N949BZL5KM2/submissions/1152921505700550202/listings/1152922700023926346/listingassets/3051572822415721660,https://developer.microsoft.com/en-us/dashboard/apps/9N949BZL5KM2/submissions/1152921505700550202/listings/1152922700023926348/listingassets/3068037691910200906,https://developer.microsoft.com/en-us/dashboard/apps/9N949BZL5KM2/submissions/1152921505700550202/listings/1152922700023926350/listingassets/3055749956949892077,https://developer.microsoft.com/en-us/dashboard/apps/9N949BZL5KM2/submissions/1152921505700550202/listings/1152922700023926389/listingassets/3071801424467211488,https://developer.microsoft.com/en-us/dashboard/apps/9N949BZL5KM2/submissions/1152921505700550202/listings/1152922700023926387/listingassets/3010989751191702877,https://developer.microsoft.com/en-us/dashboard/apps/9N949BZL5KM2/submissions/1152921505700550202/listings/1152922700023926385/listingassets/3002817033876474794,https://developer.microsoft.com/en-us/dashboard/apps/9N949BZL5KM2/submissions/1152921505700550202/listings/1152922700023926383/listingassets/3049906874229825437,https://developer.microsoft.com/en-us/dashboard/apps/9N949BZL5KM2/submissions/1152921505700550202/listings/1152922700023926381/listingassets/3025843494584541558,https://developer.microsoft.com/en-us/dashboard/apps/9N949BZL5KM2/submissions/1152921505700550202/listings/1152922700023926379/listingassets/3045782419247149990,https://developer.microsoft.com/en-us/dashboard/apps/9N949BZL5KM2/submissions/1152921505700550202/listings/1152922700023926377/listingassets/3018284625711104442
DesktopScreenshot4,103,Relative path (or URL to file in Partner Center),,,,,,,,,,,,,,,,,,,,,,,,,,,,,,,,,,,,,,,
DesktopScreenshot5,104,Relative path (or URL to file in Partner Center),,,,,,,,,,,,,,,,,,,,,,,,,,,,,,,,,,,,,,,
DesktopScreenshot6,105,Relative path (or URL to file in Partner Center),,,,,,,,,,,,,,,,,,,,,,,,,,,,,,,,,,,,,,,
DesktopScreenshot7,106,Relative path (or URL to file in Partner Center),,,,,,,,,,,,,,,,,,,,,,,,,,,,,,,,,,,,,,,
DesktopScreenshot8,107,Relative path (or URL to file in Partner Center),,,,,,,,,,,,,,,,,,,,,,,,,,,,,,,,,,,,,,,
DesktopScreenshot9,108,Relative path (or URL to file in Partner Center),,,,,,,,,,,,,,,,,,,,,,,,,,,,,,,,,,,,,,,
DesktopScreenshot10,109,Relative path (or URL to file in Partner Center),,,,,,,,,,,,,,,,,,,,,,,,,,,,,,,,,,,,,,,
DesktopScreenshot11,110,Relative path (or URL to file in Partner Center),,,,,,,,,,,,,,,,,,,,,,,,,,,,,,,,,,,,,,,
DesktopScreenshot12,111,Relative path (or URL to file in Partner Center),,,,,,,,,,,,,,,,,,,,,,,,,,,,,,,,,,,,,,,
DesktopScreenshot13,112,Relative path (or URL to file in Partner Center),,,,,,,,,,,,,,,,,,,,,,,,,,,,,,,,,,,,,,,
DesktopScreenshot14,113,Relative path (or URL to file in Partner Center),,,,,,,,,,,,,,,,,,,,,,,,,,,,,,,,,,,,,,,
DesktopScreenshot15,114,Relative path (or URL to file in Partner Center),,,,,,,,,,,,,,,,,,,,,,,,,,,,,,,,,,,,,,,
DesktopScreenshot16,115,Relative path (or URL to file in Partner Center),,,,,,,,,,,,,,,,,,,,,,,,,,,,,,,,,,,,,,,
DesktopScreenshot17,116,Relative path (or URL to file in Partner Center),,,,,,,,,,,,,,,,,,,,,,,,,,,,,,,,,,,,,,,
DesktopScreenshot18,117,Relative path (or URL to file in Partner Center),,,,,,,,,,,,,,,,,,,,,,,,,,,,,,,,,,,,,,,
DesktopScreenshot19,118,Relative path (or URL to file in Partner Center),,,,,,,,,,,,,,,,,,,,,,,,,,,,,,,,,,,,,,,
DesktopScreenshot20,119,Relative path (or URL to file in Partner Center),,,,,,,,,,,,,,,,,,,,,,,,,,,,,,,,,,,,,,,
DesktopScreenshot21,120,Relative path (or URL to file in Partner Center),,,,,,,,,,,,,,,,,,,,,,,,,,,,,,,,,,,,,,,
DesktopScreenshot22,121,Relative path (or URL to file in Partner Center),,,,,,,,,,,,,,,,,,,,,,,,,,,,,,,,,,,,,,,
DesktopScreenshot23,122,Relative path (or URL to file in Partner Center),,,,,,,,,,,,,,,,,,,,,,,,,,,,,,,,,,,,,,,
DesktopScreenshot24,123,Relative path (or URL to file in Partner Center),,,,,,,,,,,,,,,,,,,,,,,,,,,,,,,,,,,,,,,
DesktopScreenshot25,124,Relative path (or URL to file in Partner Center),,,,,,,,,,,,,,,,,,,,,,,,,,,,,,,,,,,,,,,
DesktopScreenshot26,125,Relative path (or URL to file in Partner Center),,,,,,,,,,,,,,,,,,,,,,,,,,,,,,,,,,,,,,,
DesktopScreenshot27,126,Relative path (or URL to file in Partner Center),,,,,,,,,,,,,,,,,,,,,,,,,,,,,,,,,,,,,,,
DesktopScreenshot28,127,Relative path (or URL to file in Partner Center),,,,,,,,,,,,,,,,,,,,,,,,,,,,,,,,,,,,,,,
DesktopScreenshot29,128,Relative path (or URL to file in Partner Center),,,,,,,,,,,,,,,,,,,,,,,,,,,,,,,,,,,,,,,
DesktopScreenshot30,129,Relative path (or URL to file in Partner Center),,,,,,,,,,,,,,,,,,,,,,,,,,,,,,,,,,,,,,,
DesktopScreenshotCaption1,150,Text,,,,,,,,,,,,,,,,,,,,,,,,,,,,,,,,,,,,,,,
DesktopScreenshotCaption2,151,Text,,,,,,,,,,,,,,,,,,,,,,,,,,,,,,,,,,,,,,,
DesktopScreenshotCaption3,152,Text,,,,,,,,,,,,,,,,,,,,,,,,,,,,,,,,,,,,,,,
DesktopScreenshotCaption4,153,Text,,,,,,,,,,,,,,,,,,,,,,,,,,,,,,,,,,,,,,,
DesktopScreenshotCaption5,154,Text,,,,,,,,,,,,,,,,,,,,,,,,,,,,,,,,,,,,,,,
DesktopScreenshotCaption6,155,Text,,,,,,,,,,,,,,,,,,,,,,,,,,,,,,,,,,,,,,,
DesktopScreenshotCaption7,156,Text,,,,,,,,,,,,,,,,,,,,,,,,,,,,,,,,,,,,,,,
DesktopScreenshotCaption8,157,Text,,,,,,,,,,,,,,,,,,,,,,,,,,,,,,,,,,,,,,,
DesktopScreenshotCaption9,158,Text,,,,,,,,,,,,,,,,,,,,,,,,,,,,,,,,,,,,,,,
DesktopScreenshotCaption10,159,Text,,,,,,,,,,,,,,,,,,,,,,,,,,,,,,,,,,,,,,,
DesktopScreenshotCaption11,160,Text,,,,,,,,,,,,,,,,,,,,,,,,,,,,,,,,,,,,,,,
DesktopScreenshotCaption12,161,Text,,,,,,,,,,,,,,,,,,,,,,,,,,,,,,,,,,,,,,,
DesktopScreenshotCaption13,162,Text,,,,,,,,,,,,,,,,,,,,,,,,,,,,,,,,,,,,,,,
DesktopScreenshotCaption14,163,Text,,,,,,,,,,,,,,,,,,,,,,,,,,,,,,,,,,,,,,,
DesktopScreenshotCaption15,164,Text,,,,,,,,,,,,,,,,,,,,,,,,,,,,,,,,,,,,,,,
DesktopScreenshotCaption16,165,Text,,,,,,,,,,,,,,,,,,,,,,,,,,,,,,,,,,,,,,,
DesktopScreenshotCaption17,166,Text,,,,,,,,,,,,,,,,,,,,,,,,,,,,,,,,,,,,,,,
DesktopScreenshotCaption18,167,Text,,,,,,,,,,,,,,,,,,,,,,,,,,,,,,,,,,,,,,,
DesktopScreenshotCaption19,168,Text,,,,,,,,,,,,,,,,,,,,,,,,,,,,,,,,,,,,,,,
DesktopScreenshotCaption20,169,Text,,,,,,,,,,,,,,,,,,,,,,,,,,,,,,,,,,,,,,,
DesktopScreenshotCaption21,170,Text,,,,,,,,,,,,,,,,,,,,,,,,,,,,,,,,,,,,,,,
DesktopScreenshotCaption22,171,Text,,,,,,,,,,,,,,,,,,,,,,,,,,,,,,,,,,,,,,,
DesktopScreenshotCaption23,172,Text,,,,,,,,,,,,,,,,,,,,,,,,,,,,,,,,,,,,,,,
DesktopScreenshotCaption24,173,Text,,,,,,,,,,,,,,,,,,,,,,,,,,,,,,,,,,,,,,,
DesktopScreenshotCaption25,174,Text,,,,,,,,,,,,,,,,,,,,,,,,,,,,,,,,,,,,,,,
DesktopScreenshotCaption26,175,Text,,,,,,,,,,,,,,,,,,,,,,,,,,,,,,,,,,,,,,,
DesktopScreenshotCaption27,176,Text,,,,,,,,,,,,,,,,,,,,,,,,,,,,,,,,,,,,,,,
DesktopScreenshotCaption28,177,Text,,,,,,,,,,,,,,,,,,,,,,,,,,,,,,,,,,,,,,,
DesktopScreenshotCaption29,178,Text,,,,,,,,,,,,,,,,,,,,,,,,,,,,,,,,,,,,,,,
DesktopScreenshotCaption30,179,Text,,,,,,,,,,,,,,,,,,,,,,,,,,,,,,,,,,,,,,,
MobileScreenshot1,200,Relative path (or URL to file in Partner Center),,,,,,,,,,,,,,,,,,,,,,,,,,,,,,,,,,,,,,,
MobileScreenshot2,201,Relative path (or URL to file in Partner Center),,,,,,,,,,,,,,,,,,,,,,,,,,,,,,,,,,,,,,,
MobileScreenshot3,202,Relative path (or URL to file in Partner Center),,,,,,,,,,,,,,,,,,,,,,,,,,,,,,,,,,,,,,,
MobileScreenshot4,203,Relative path (or URL to file in Partner Center),,,,,,,,,,,,,,,,,,,,,,,,,,,,,,,,,,,,,,,
MobileScreenshot5,204,Relative path (or URL to file in Partner Center),,,,,,,,,,,,,,,,,,,,,,,,,,,,,,,,,,,,,,,
MobileScreenshot6,205,Relative path (or URL to file in Partner Center),,,,,,,,,,,,,,,,,,,,,,,,,,,,,,,,,,,,,,,
MobileScreenshot7,206,Relative path (or URL to file in Partner Center),,,,,,,,,,,,,,,,,,,,,,,,,,,,,,,,,,,,,,,
MobileScreenshot8,207,Relative path (or URL to file in Partner Center),,,,,,,,,,,,,,,,,,,,,,,,,,,,,,,,,,,,,,,
MobileScreenshot9,208,Relative path (or URL to file in Partner Center),,,,,,,,,,,,,,,,,,,,,,,,,,,,,,,,,,,,,,,
MobileScreenshot10,209,Relative path (or URL to file in Partner Center),,,,,,,,,,,,,,,,,,,,,,,,,,,,,,,,,,,,,,,
MobileScreenshot11,210,Relative path (or URL to file in Partner Center),,,,,,,,,,,,,,,,,,,,,,,,,,,,,,,,,,,,,,,
MobileScreenshot12,211,Relative path (or URL to file in Partner Center),,,,,,,,,,,,,,,,,,,,,,,,,,,,,,,,,,,,,,,
MobileScreenshot13,212,Relative path (or URL to file in Partner Center),,,,,,,,,,,,,,,,,,,,,,,,,,,,,,,,,,,,,,,
MobileScreenshot14,213,Relative path (or URL to file in Partner Center),,,,,,,,,,,,,,,,,,,,,,,,,,,,,,,,,,,,,,,
MobileScreenshot15,214,Relative path (or URL to file in Partner Center),,,,,,,,,,,,,,,,,,,,,,,,,,,,,,,,,,,,,,,
MobileScreenshot16,215,Relative path (or URL to file in Partner Center),,,,,,,,,,,,,,,,,,,,,,,,,,,,,,,,,,,,,,,
MobileScreenshot17,216,Relative path (or URL to file in Partner Center),,,,,,,,,,,,,,,,,,,,,,,,,,,,,,,,,,,,,,,
MobileScreenshot18,217,Relative path (or URL to file in Partner Center),,,,,,,,,,,,,,,,,,,,,,,,,,,,,,,,,,,,,,,
MobileScreenshot19,218,Relative path (or URL to file in Partner Center),,,,,,,,,,,,,,,,,,,,,,,,,,,,,,,,,,,,,,,
MobileScreenshot20,219,Relative path (or URL to file in Partner Center),,,,,,,,,,,,,,,,,,,,,,,,,,,,,,,,,,,,,,,
MobileScreenshot21,220,Relative path (or URL to file in Partner Center),,,,,,,,,,,,,,,,,,,,,,,,,,,,,,,,,,,,,,,
MobileScreenshot22,221,Relative path (or URL to file in Partner Center),,,,,,,,,,,,,,,,,,,,,,,,,,,,,,,,,,,,,,,
MobileScreenshot23,222,Relative path (or URL to file in Partner Center),,,,,,,,,,,,,,,,,,,,,,,,,,,,,,,,,,,,,,,
MobileScreenshot24,223,Relative path (or URL to file in Partner Center),,,,,,,,,,,,,,,,,,,,,,,,,,,,,,,,,,,,,,,
MobileScreenshot25,224,Relative path (or URL to file in Partner Center),,,,,,,,,,,,,,,,,,,,,,,,,,,,,,,,,,,,,,,
MobileScreenshot26,225,Relative path (or URL to file in Partner Center),,,,,,,,,,,,,,,,,,,,,,,,,,,,,,,,,,,,,,,
MobileScreenshot27,226,Relative path (or URL to file in Partner Center),,,,,,,,,,,,,,,,,,,,,,,,,,,,,,,,,,,,,,,
MobileScreenshot28,227,Relative path (or URL to file in Partner Center),,,,,,,,,,,,,,,,,,,,,,,,,,,,,,,,,,,,,,,
MobileScreenshot29,228,Relative path (or URL to file in Partner Center),,,,,,,,,,,,,,,,,,,,,,,,,,,,,,,,,,,,,,,
MobileScreenshot30,229,Relative path (or URL to file in Partner Center),,,,,,,,,,,,,,,,,,,,,,,,,,,,,,,,,,,,,,,
MobileScreenshotCaption1,250,Text,,,,,,,,,,,,,,,,,,,,,,,,,,,,,,,,,,,,,,,
MobileScreenshotCaption2,251,Text,,,,,,,,,,,,,,,,,,,,,,,,,,,,,,,,,,,,,,,
MobileScreenshotCaption3,252,Text,,,,,,,,,,,,,,,,,,,,,,,,,,,,,,,,,,,,,,,
MobileScreenshotCaption4,253,Text,,,,,,,,,,,,,,,,,,,,,,,,,,,,,,,,,,,,,,,
MobileScreenshotCaption5,254,Text,,,,,,,,,,,,,,,,,,,,,,,,,,,,,,,,,,,,,,,
MobileScreenshotCaption6,255,Text,,,,,,,,,,,,,,,,,,,,,,,,,,,,,,,,,,,,,,,
MobileScreenshotCaption7,256,Text,,,,,,,,,,,,,,,,,,,,,,,,,,,,,,,,,,,,,,,
MobileScreenshotCaption8,257,Text,,,,,,,,,,,,,,,,,,,,,,,,,,,,,,,,,,,,,,,
MobileScreenshotCaption9,258,Text,,,,,,,,,,,,,,,,,,,,,,,,,,,,,,,,,,,,,,,
MobileScreenshotCaption10,259,Text,,,,,,,,,,,,,,,,,,,,,,,,,,,,,,,,,,,,,,,
MobileScreenshotCaption11,260,Text,,,,,,,,,,,,,,,,,,,,,,,,,,,,,,,,,,,,,,,
MobileScreenshotCaption12,261,Text,,,,,,,,,,,,,,,,,,,,,,,,,,,,,,,,,,,,,,,
MobileScreenshotCaption13,262,Text,,,,,,,,,,,,,,,,,,,,,,,,,,,,,,,,,,,,,,,
MobileScreenshotCaption14,263,Text,,,,,,,,,,,,,,,,,,,,,,,,,,,,,,,,,,,,,,,
MobileScreenshotCaption15,264,Text,,,,,,,,,,,,,,,,,,,,,,,,,,,,,,,,,,,,,,,
MobileScreenshotCaption16,265,Text,,,,,,,,,,,,,,,,,,,,,,,,,,,,,,,,,,,,,,,
MobileScreenshotCaption17,266,Text,,,,,,,,,,,,,,,,,,,,,,,,,,,,,,,,,,,,,,,
MobileScreenshotCaption18,267,Text,,,,,,,,,,,,,,,,,,,,,,,,,,,,,,,,,,,,,,,
MobileScreenshotCaption19,268,Text,,,,,,,,,,,,,,,,,,,,,,,,,,,,,,,,,,,,,,,
MobileScreenshotCaption20,269,Text,,,,,,,,,,,,,,,,,,,,,,,,,,,,,,,,,,,,,,,
MobileScreenshotCaption21,270,Text,,,,,,,,,,,,,,,,,,,,,,,,,,,,,,,,,,,,,,,
MobileScreenshotCaption22,271,Text,,,,,,,,,,,,,,,,,,,,,,,,,,,,,,,,,,,,,,,
MobileScreenshotCaption23,272,Text,,,,,,,,,,,,,,,,,,,,,,,,,,,,,,,,,,,,,,,
MobileScreenshotCaption24,273,Text,,,,,,,,,,,,,,,,,,,,,,,,,,,,,,,,,,,,,,,
MobileScreenshotCaption25,274,Text,,,,,,,,,,,,,,,,,,,,,,,,,,,,,,,,,,,,,,,
MobileScreenshotCaption26,275,Text,,,,,,,,,,,,,,,,,,,,,,,,,,,,,,,,,,,,,,,
MobileScreenshotCaption27,276,Text,,,,,,,,,,,,,,,,,,,,,,,,,,,,,,,,,,,,,,,
MobileScreenshotCaption28,277,Text,,,,,,,,,,,,,,,,,,,,,,,,,,,,,,,,,,,,,,,
MobileScreenshotCaption29,278,Text,,,,,,,,,,,,,,,,,,,,,,,,,,,,,,,,,,,,,,,
MobileScreenshotCaption30,279,Text,,,,,,,,,,,,,,,,,,,,,,,,,,,,,,,,,,,,,,,
XboxScreenshot1,300,Relative path (or URL to file in Partner Center),,,,,,,,,,,,,,,,,,,,,,,,,,,,,,,,,,,,,,,
XboxScreenshot2,301,Relative path (or URL to file in Partner Center),,,,,,,,,,,,,,,,,,,,,,,,,,,,,,,,,,,,,,,
XboxScreenshot3,302,Relative path (or URL to file in Partner Center),,,,,,,,,,,,,,,,,,,,,,,,,,,,,,,,,,,,,,,
XboxScreenshot4,303,Relative path (or URL to file in Partner Center),,,,,,,,,,,,,,,,,,,,,,,,,,,,,,,,,,,,,,,
XboxScreenshot5,304,Relative path (or URL to file in Partner Center),,,,,,,,,,,,,,,,,,,,,,,,,,,,,,,,,,,,,,,
XboxScreenshot6,305,Relative path (or URL to file in Partner Center),,,,,,,,,,,,,,,,,,,,,,,,,,,,,,,,,,,,,,,
XboxScreenshot7,306,Relative path (or URL to file in Partner Center),,,,,,,,,,,,,,,,,,,,,,,,,,,,,,,,,,,,,,,
XboxScreenshot8,307,Relative path (or URL to file in Partner Center),,,,,,,,,,,,,,,,,,,,,,,,,,,,,,,,,,,,,,,
XboxScreenshot9,308,Relative path (or URL to file in Partner Center),,,,,,,,,,,,,,,,,,,,,,,,,,,,,,,,,,,,,,,
XboxScreenshot10,309,Relative path (or URL to file in Partner Center),,,,,,,,,,,,,,,,,,,,,,,,,,,,,,,,,,,,,,,
XboxScreenshot11,310,Relative path (or URL to file in Partner Center),,,,,,,,,,,,,,,,,,,,,,,,,,,,,,,,,,,,,,,
XboxScreenshot12,311,Relative path (or URL to file in Partner Center),,,,,,,,,,,,,,,,,,,,,,,,,,,,,,,,,,,,,,,
XboxScreenshot13,312,Relative path (or URL to file in Partner Center),,,,,,,,,,,,,,,,,,,,,,,,,,,,,,,,,,,,,,,
XboxScreenshot14,313,Relative path (or URL to file in Partner Center),,,,,,,,,,,,,,,,,,,,,,,,,,,,,,,,,,,,,,,
XboxScreenshot15,314,Relative path (or URL to file in Partner Center),,,,,,,,,,,,,,,,,,,,,,,,,,,,,,,,,,,,,,,
XboxScreenshot16,315,Relative path (or URL to file in Partner Center),,,,,,,,,,,,,,,,,,,,,,,,,,,,,,,,,,,,,,,
XboxScreenshot17,316,Relative path (or URL to file in Partner Center),,,,,,,,,,,,,,,,,,,,,,,,,,,,,,,,,,,,,,,
XboxScreenshot18,317,Relative path (or URL to file in Partner Center),,,,,,,,,,,,,,,,,,,,,,,,,,,,,,,,,,,,,,,
XboxScreenshot19,318,Relative path (or URL to file in Partner Center),,,,,,,,,,,,,,,,,,,,,,,,,,,,,,,,,,,,,,,
XboxScreenshot20,319,Relative path (or URL to file in Partner Center),,,,,,,,,,,,,,,,,,,,,,,,,,,,,,,,,,,,,,,
XboxScreenshot21,320,Relative path (or URL to file in Partner Center),,,,,,,,,,,,,,,,,,,,,,,,,,,,,,,,,,,,,,,
XboxScreenshot22,321,Relative path (or URL to file in Partner Center),,,,,,,,,,,,,,,,,,,,,,,,,,,,,,,,,,,,,,,
XboxScreenshot23,322,Relative path (or URL to file in Partner Center),,,,,,,,,,,,,,,,,,,,,,,,,,,,,,,,,,,,,,,
XboxScreenshot24,323,Relative path (or URL to file in Partner Center),,,,,,,,,,,,,,,,,,,,,,,,,,,,,,,,,,,,,,,
XboxScreenshot25,324,Relative path (or URL to file in Partner Center),,,,,,,,,,,,,,,,,,,,,,,,,,,,,,,,,,,,,,,
XboxScreenshot26,325,Relative path (or URL to file in Partner Center),,,,,,,,,,,,,,,,,,,,,,,,,,,,,,,,,,,,,,,
XboxScreenshot27,326,Relative path (or URL to file in Partner Center),,,,,,,,,,,,,,,,,,,,,,,,,,,,,,,,,,,,,,,
XboxScreenshot28,327,Relative path (or URL to file in Partner Center),,,,,,,,,,,,,,,,,,,,,,,,,,,,,,,,,,,,,,,
XboxScreenshot29,328,Relative path (or URL to file in Partner Center),,,,,,,,,,,,,,,,,,,,,,,,,,,,,,,,,,,,,,,
XboxScreenshot30,329,Relative path (or URL to file in Partner Center),,,,,,,,,,,,,,,,,,,,,,,,,,,,,,,,,,,,,,,
XboxScreenshotCaption1,350,Text,,,,,,,,,,,,,,,,,,,,,,,,,,,,,,,,,,,,,,,
XboxScreenshotCaption2,351,Text,,,,,,,,,,,,,,,,,,,,,,,,,,,,,,,,,,,,,,,
XboxScreenshotCaption3,352,Text,,,,,,,,,,,,,,,,,,,,,,,,,,,,,,,,,,,,,,,
XboxScreenshotCaption4,353,Text,,,,,,,,,,,,,,,,,,,,,,,,,,,,,,,,,,,,,,,
XboxScreenshotCaption5,354,Text,,,,,,,,,,,,,,,,,,,,,,,,,,,,,,,,,,,,,,,
XboxScreenshotCaption6,355,Text,,,,,,,,,,,,,,,,,,,,,,,,,,,,,,,,,,,,,,,
XboxScreenshotCaption7,356,Text,,,,,,,,,,,,,,,,,,,,,,,,,,,,,,,,,,,,,,,
XboxScreenshotCaption8,357,Text,,,,,,,,,,,,,,,,,,,,,,,,,,,,,,,,,,,,,,,
XboxScreenshotCaption9,358,Text,,,,,,,,,,,,,,,,,,,,,,,,,,,,,,,,,,,,,,,
XboxScreenshotCaption10,359,Text,,,,,,,,,,,,,,,,,,,,,,,,,,,,,,,,,,,,,,,
XboxScreenshotCaption11,360,Text,,,,,,,,,,,,,,,,,,,,,,,,,,,,,,,,,,,,,,,
XboxScreenshotCaption12,361,Text,,,,,,,,,,,,,,,,,,,,,,,,,,,,,,,,,,,,,,,
XboxScreenshotCaption13,362,Text,,,,,,,,,,,,,,,,,,,,,,,,,,,,,,,,,,,,,,,
XboxScreenshotCaption14,363,Text,,,,,,,,,,,,,,,,,,,,,,,,,,,,,,,,,,,,,,,
XboxScreenshotCaption15,364,Text,,,,,,,,,,,,,,,,,,,,,,,,,,,,,,,,,,,,,,,
XboxScreenshotCaption16,365,Text,,,,,,,,,,,,,,,,,,,,,,,,,,,,,,,,,,,,,,,
XboxScreenshotCaption17,366,Text,,,,,,,,,,,,,,,,,,,,,,,,,,,,,,,,,,,,,,,
XboxScreenshotCaption18,367,Text,,,,,,,,,,,,,,,,,,,,,,,,,,,,,,,,,,,,,,,
XboxScreenshotCaption19,368,Text,,,,,,,,,,,,,,,,,,,,,,,,,,,,,,,,,,,,,,,
XboxScreenshotCaption20,369,Text,,,,,,,,,,,,,,,,,,,,,,,,,,,,,,,,,,,,,,,
XboxScreenshotCaption21,370,Text,,,,,,,,,,,,,,,,,,,,,,,,,,,,,,,,,,,,,,,
XboxScreenshotCaption22,371,Text,,,,,,,,,,,,,,,,,,,,,,,,,,,,,,,,,,,,,,,
XboxScreenshotCaption23,372,Text,,,,,,,,,,,,,,,,,,,,,,,,,,,,,,,,,,,,,,,
XboxScreenshotCaption24,373,Text,,,,,,,,,,,,,,,,,,,,,,,,,,,,,,,,,,,,,,,
XboxScreenshotCaption25,374,Text,,,,,,,,,,,,,,,,,,,,,,,,,,,,,,,,,,,,,,,
XboxScreenshotCaption26,375,Text,,,,,,,,,,,,,,,,,,,,,,,,,,,,,,,,,,,,,,,
XboxScreenshotCaption27,376,Text,,,,,,,,,,,,,,,,,,,,,,,,,,,,,,,,,,,,,,,
XboxScreenshotCaption28,377,Text,,,,,,,,,,,,,,,,,,,,,,,,,,,,,,,,,,,,,,,
XboxScreenshotCaption29,378,Text,,,,,,,,,,,,,,,,,,,,,,,,,,,,,,,,,,,,,,,
XboxScreenshotCaption30,379,Text,,,,,,,,,,,,,,,,,,,,,,,,,,,,,,,,,,,,,,,
HolographicScreenshot1,400,Relative path (or URL to file in Partner Center),,,,,,,,,,,,,,,,,,,,,,,,,,,,,,,,,,,,,,,
HolographicScreenshot2,401,Relative path (or URL to file in Partner Center),,,,,,,,,,,,,,,,,,,,,,,,,,,,,,,,,,,,,,,
HolographicScreenshot3,402,Relative path (or URL to file in Partner Center),,,,,,,,,,,,,,,,,,,,,,,,,,,,,,,,,,,,,,,
HolographicScreenshot4,403,Relative path (or URL to file in Partner Center),,,,,,,,,,,,,,,,,,,,,,,,,,,,,,,,,,,,,,,
HolographicScreenshot5,404,Relative path (or URL to file in Partner Center),,,,,,,,,,,,,,,,,,,,,,,,,,,,,,,,,,,,,,,
HolographicScreenshot6,405,Relative path (or URL to file in Partner Center),,,,,,,,,,,,,,,,,,,,,,,,,,,,,,,,,,,,,,,
HolographicScreenshot7,406,Relative path (or URL to file in Partner Center),,,,,,,,,,,,,,,,,,,,,,,,,,,,,,,,,,,,,,,
HolographicScreenshot8,407,Relative path (or URL to file in Partner Center),,,,,,,,,,,,,,,,,,,,,,,,,,,,,,,,,,,,,,,
HolographicScreenshot9,408,Relative path (or URL to file in Partner Center),,,,,,,,,,,,,,,,,,,,,,,,,,,,,,,,,,,,,,,
HolographicScreenshot10,409,Relative path (or URL to file in Partner Center),,,,,,,,,,,,,,,,,,,,,,,,,,,,,,,,,,,,,,,
HolographicScreenshot11,410,Relative path (or URL to file in Partner Center),,,,,,,,,,,,,,,,,,,,,,,,,,,,,,,,,,,,,,,
HolographicScreenshot12,411,Relative path (or URL to file in Partner Center),,,,,,,,,,,,,,,,,,,,,,,,,,,,,,,,,,,,,,,
HolographicScreenshot13,412,Relative path (or URL to file in Partner Center),,,,,,,,,,,,,,,,,,,,,,,,,,,,,,,,,,,,,,,
HolographicScreenshot14,413,Relative path (or URL to file in Partner Center),,,,,,,,,,,,,,,,,,,,,,,,,,,,,,,,,,,,,,,
HolographicScreenshot15,414,Relative path (or URL to file in Partner Center),,,,,,,,,,,,,,,,,,,,,,,,,,,,,,,,,,,,,,,
HolographicScreenshot16,415,Relative path (or URL to file in Partner Center),,,,,,,,,,,,,,,,,,,,,,,,,,,,,,,,,,,,,,,
HolographicScreenshot17,416,Relative path (or URL to file in Partner Center),,,,,,,,,,,,,,,,,,,,,,,,,,,,,,,,,,,,,,,
HolographicScreenshot18,417,Relative path (or URL to file in Partner Center),,,,,,,,,,,,,,,,,,,,,,,,,,,,,,,,,,,,,,,
HolographicScreenshot19,418,Relative path (or URL to file in Partner Center),,,,,,,,,,,,,,,,,,,,,,,,,,,,,,,,,,,,,,,
HolographicScreenshot20,419,Relative path (or URL to file in Partner Center),,,,,,,,,,,,,,,,,,,,,,,,,,,,,,,,,,,,,,,
HolographicScreenshot21,420,Relative path (or URL to file in Partner Center),,,,,,,,,,,,,,,,,,,,,,,,,,,,,,,,,,,,,,,
HolographicScreenshot22,421,Relative path (or URL to file in Partner Center),,,,,,,,,,,,,,,,,,,,,,,,,,,,,,,,,,,,,,,
HolographicScreenshot23,422,Relative path (or URL to file in Partner Center),,,,,,,,,,,,,,,,,,,,,,,,,,,,,,,,,,,,,,,
HolographicScreenshot24,423,Relative path (or URL to file in Partner Center),,,,,,,,,,,,,,,,,,,,,,,,,,,,,,,,,,,,,,,
HolographicScreenshot25,424,Relative path (or URL to file in Partner Center),,,,,,,,,,,,,,,,,,,,,,,,,,,,,,,,,,,,,,,
HolographicScreenshot26,425,Relative path (or URL to file in Partner Center),,,,,,,,,,,,,,,,,,,,,,,,,,,,,,,,,,,,,,,
HolographicScreenshot27,426,Relative path (or URL to file in Partner Center),,,,,,,,,,,,,,,,,,,,,,,,,,,,,,,,,,,,,,,
HolographicScreenshot28,427,Relative path (or URL to file in Partner Center),,,,,,,,,,,,,,,,,,,,,,,,,,,,,,,,,,,,,,,
HolographicScreenshot29,428,Relative path (or URL to file in Partner Center),,,,,,,,,,,,,,,,,,,,,,,,,,,,,,,,,,,,,,,
HolographicScreenshot30,429,Relative path (or URL to file in Partner Center),,,,,,,,,,,,,,,,,,,,,,,,,,,,,,,,,,,,,,,
HolographicScreenshotCaption1,450,Text,,,,,,,,,,,,,,,,,,,,,,,,,,,,,,,,,,,,,,,
HolographicScreenshotCaption2,451,Text,,,,,,,,,,,,,,,,,,,,,,,,,,,,,,,,,,,,,,,
HolographicScreenshotCaption3,452,Text,,,,,,,,,,,,,,,,,,,,,,,,,,,,,,,,,,,,,,,
HolographicScreenshotCaption4,453,Text,,,,,,,,,,,,,,,,,,,,,,,,,,,,,,,,,,,,,,,
HolographicScreenshotCaption5,454,Text,,,,,,,,,,,,,,,,,,,,,,,,,,,,,,,,,,,,,,,
HolographicScreenshotCaption6,455,Text,,,,,,,,,,,,,,,,,,,,,,,,,,,,,,,,,,,,,,,
HolographicScreenshotCaption7,456,Text,,,,,,,,,,,,,,,,,,,,,,,,,,,,,,,,,,,,,,,
HolographicScreenshotCaption8,457,Text,,,,,,,,,,,,,,,,,,,,,,,,,,,,,,,,,,,,,,,
HolographicScreenshotCaption9,458,Text,,,,,,,,,,,,,,,,,,,,,,,,,,,,,,,,,,,,,,,
HolographicScreenshotCaption10,459,Text,,,,,,,,,,,,,,,,,,,,,,,,,,,,,,,,,,,,,,,
HolographicScreenshotCaption11,460,Text,,,,,,,,,,,,,,,,,,,,,,,,,,,,,,,,,,,,,,,
HolographicScreenshotCaption12,461,Text,,,,,,,,,,,,,,,,,,,,,,,,,,,,,,,,,,,,,,,
HolographicScreenshotCaption13,462,Text,,,,,,,,,,,,,,,,,,,,,,,,,,,,,,,,,,,,,,,
HolographicScreenshotCaption14,463,Text,,,,,,,,,,,,,,,,,,,,,,,,,,,,,,,,,,,,,,,
HolographicScreenshotCaption15,464,Text,,,,,,,,,,,,,,,,,,,,,,,,,,,,,,,,,,,,,,,
HolographicScreenshotCaption16,465,Text,,,,,,,,,,,,,,,,,,,,,,,,,,,,,,,,,,,,,,,
HolographicScreenshotCaption17,466,Text,,,,,,,,,,,,,,,,,,,,,,,,,,,,,,,,,,,,,,,
HolographicScreenshotCaption18,467,Text,,,,,,,,,,,,,,,,,,,,,,,,,,,,,,,,,,,,,,,
HolographicScreenshotCaption19,468,Text,,,,,,,,,,,,,,,,,,,,,,,,,,,,,,,,,,,,,,,
HolographicScreenshotCaption20,469,Text,,,,,,,,,,,,,,,,,,,,,,,,,,,,,,,,,,,,,,,
HolographicScreenshotCaption21,470,Text,,,,,,,,,,,,,,,,,,,,,,,,,,,,,,,,,,,,,,,
HolographicScreenshotCaption22,471,Text,,,,,,,,,,,,,,,,,,,,,,,,,,,,,,,,,,,,,,,
HolographicScreenshotCaption23,472,Text,,,,,,,,,,,,,,,,,,,,,,,,,,,,,,,,,,,,,,,
HolographicScreenshotCaption24,473,Text,,,,,,,,,,,,,,,,,,,,,,,,,,,,,,,,,,,,,,,
HolographicScreenshotCaption25,474,Text,,,,,,,,,,,,,,,,,,,,,,,,,,,,,,,,,,,,,,,
HolographicScreenshotCaption26,475,Text,,,,,,,,,,,,,,,,,,,,,,,,,,,,,,,,,,,,,,,
HolographicScreenshotCaption27,476,Text,,,,,,,,,,,,,,,,,,,,,,,,,,,,,,,,,,,,,,,
HolographicScreenshotCaption28,477,Text,,,,,,,,,,,,,,,,,,,,,,,,,,,,,,,,,,,,,,,
HolographicScreenshotCaption29,478,Text,,,,,,,,,,,,,,,,,,,,,,,,,,,,,,,,,,,,,,,
HolographicScreenshotCaption30,479,Text,,,,,,,,,,,,,,,,,,,,,,,,,,,,,,,,,,,,,,,
SurfaceHubScreenshot11,510,Relative path (or URL to file in Partner Center),,,,,,,,,,,,,,,,,,,,,,,,,,,,,,,,,,,,,,,
SurfaceHubScreenshot12,511,Relative path (or URL to file in Partner Center),,,,,,,,,,,,,,,,,,,,,,,,,,,,,,,,,,,,,,,
SurfaceHubScreenshot13,512,Relative path (or URL to file in Partner Center),,,,,,,,,,,,,,,,,,,,,,,,,,,,,,,,,,,,,,,
SurfaceHubScreenshot14,513,Relative path (or URL to file in Partner Center),,,,,,,,,,,,,,,,,,,,,,,,,,,,,,,,,,,,,,,
SurfaceHubScreenshot15,514,Relative path (or URL to file in Partner Center),,,,,,,,,,,,,,,,,,,,,,,,,,,,,,,,,,,,,,,
SurfaceHubScreenshot16,515,Relative path (or URL to file in Partner Center),,,,,,,,,,,,,,,,,,,,,,,,,,,,,,,,,,,,,,,
SurfaceHubScreenshot17,516,Relative path (or URL to file in Partner Center),,,,,,,,,,,,,,,,,,,,,,,,,,,,,,,,,,,,,,,
SurfaceHubScreenshot18,517,Relative path (or URL to file in Partner Center),,,,,,,,,,,,,,,,,,,,,,,,,,,,,,,,,,,,,,,
SurfaceHubScreenshot19,518,Relative path (or URL to file in Partner Center),,,,,,,,,,,,,,,,,,,,,,,,,,,,,,,,,,,,,,,
SurfaceHubScreenshot20,519,Relative path (or URL to file in Partner Center),,,,,,,,,,,,,,,,,,,,,,,,,,,,,,,,,,,,,,,
SurfaceHubScreenshot21,520,Relative path (or URL to file in Partner Center),,,,,,,,,,,,,,,,,,,,,,,,,,,,,,,,,,,,,,,
SurfaceHubScreenshot22,521,Relative path (or URL to file in Partner Center),,,,,,,,,,,,,,,,,,,,,,,,,,,,,,,,,,,,,,,
SurfaceHubScreenshot23,522,Relative path (or URL to file in Partner Center),,,,,,,,,,,,,,,,,,,,,,,,,,,,,,,,,,,,,,,
SurfaceHubScreenshot24,523,Relative path (or URL to file in Partner Center),,,,,,,,,,,,,,,,,,,,,,,,,,,,,,,,,,,,,,,
SurfaceHubScreenshot25,524,Relative path (or URL to file in Partner Center),,,,,,,,,,,,,,,,,,,,,,,,,,,,,,,,,,,,,,,
SurfaceHubScreenshot26,525,Relative path (or URL to file in Partner Center),,,,,,,,,,,,,,,,,,,,,,,,,,,,,,,,,,,,,,,
SurfaceHubScreenshot27,526,Relative path (or URL to file in Partner Center),,,,,,,,,,,,,,,,,,,,,,,,,,,,,,,,,,,,,,,
SurfaceHubScreenshot28,527,Relative path (or URL to file in Partner Center),,,,,,,,,,,,,,,,,,,,,,,,,,,,,,,,,,,,,,,
SurfaceHubScreenshot29,528,Relative path (or URL to file in Partner Center),,,,,,,,,,,,,,,,,,,,,,,,,,,,,,,,,,,,,,,
SurfaceHubScreenshot30,529,Relative path (or URL to file in Partner Center),,,,,,,,,,,,,,,,,,,,,,,,,,,,,,,,,,,,,,,
SurfaceHubScreenshotCaption11,560,Text,,,,,,,,,,,,,,,,,,,,,,,,,,,,,,,,,,,,,,,
SurfaceHubScreenshotCaption12,561,Text,,,,,,,,,,,,,,,,,,,,,,,,,,,,,,,,,,,,,,,
SurfaceHubScreenshotCaption13,562,Text,,,,,,,,,,,,,,,,,,,,,,,,,,,,,,,,,,,,,,,
SurfaceHubScreenshotCaption14,563,Text,,,,,,,,,,,,,,,,,,,,,,,,,,,,,,,,,,,,,,,
SurfaceHubScreenshotCaption15,564,Text,,,,,,,,,,,,,,,,,,,,,,,,,,,,,,,,,,,,,,,
SurfaceHubScreenshotCaption16,565,Text,,,,,,,,,,,,,,,,,,,,,,,,,,,,,,,,,,,,,,,
SurfaceHubScreenshotCaption17,566,Text,,,,,,,,,,,,,,,,,,,,,,,,,,,,,,,,,,,,,,,
SurfaceHubScreenshotCaption18,567,Text,,,,,,,,,,,,,,,,,,,,,,,,,,,,,,,,,,,,,,,
SurfaceHubScreenshotCaption19,568,Text,,,,,,,,,,,,,,,,,,,,,,,,,,,,,,,,,,,,,,,
SurfaceHubScreenshotCaption20,569,Text,,,,,,,,,,,,,,,,,,,,,,,,,,,,,,,,,,,,,,,
SurfaceHubScreenshotCaption21,570,Text,,,,,,,,,,,,,,,,,,,,,,,,,,,,,,,,,,,,,,,
SurfaceHubScreenshotCaption22,571,Text,,,,,,,,,,,,,,,,,,,,,,,,,,,,,,,,,,,,,,,
SurfaceHubScreenshotCaption23,572,Text,,,,,,,,,,,,,,,,,,,,,,,,,,,,,,,,,,,,,,,
SurfaceHubScreenshotCaption24,573,Text,,,,,,,,,,,,,,,,,,,,,,,,,,,,,,,,,,,,,,,
SurfaceHubScreenshotCaption25,574,Text,,,,,,,,,,,,,,,,,,,,,,,,,,,,,,,,,,,,,,,
SurfaceHubScreenshotCaption26,575,Text,,,,,,,,,,,,,,,,,,,,,,,,,,,,,,,,,,,,,,,
SurfaceHubScreenshotCaption27,576,Text,,,,,,,,,,,,,,,,,,,,,,,,,,,,,,,,,,,,,,,
SurfaceHubScreenshotCaption28,577,Text,,,,,,,,,,,,,,,,,,,,,,,,,,,,,,,,,,,,,,,
SurfaceHubScreenshotCaption29,578,Text,,,,,,,,,,,,,,,,,,,,,,,,,,,,,,,,,,,,,,,
SurfaceHubScreenshotCaption30,579,Text,,,,,,,,,,,,,,,,,,,,,,,,,,,,,,,,,,,,,,,
StoreLogo720x1080,600,Relative path (or URL to file in Partner Center),,,,,,,,,,,,,,,,,,,,,,,,,,,,,,,,,,,,,,,
StoreLogo1080x1080,601,Relative path (or URL to file in Partner Center),,https://developer.microsoft.com/en-us/dashboard/apps/9N949BZL5KM2/submissions/1152921505700550202/listings/1152922700023926137/listingassets/3018156954705163279,https://developer.microsoft.com/en-us/dashboard/apps/9N949BZL5KM2/submissions/1152921505700550202/listings/1152922700023926329/listingassets/3018156954705163279,https://developer.microsoft.com/en-us/dashboard/apps/9N949BZL5KM2/submissions/1152921505700550202/listings/1152922700023926301/listingassets/3018156954705163279,https://developer.microsoft.com/en-us/dashboard/apps/9N949BZL5KM2/submissions/1152921505700550202/listings/1152922700023926303/listingassets/3018156954705163279,https://developer.microsoft.com/en-us/dashboard/apps/9N949BZL5KM2/submissions/1152921505700550202/listings/1152922700023926305/listingassets/3018156954705163279,https://developer.microsoft.com/en-us/dashboard/apps/9N949BZL5KM2/submissions/1152921505700550202/listings/1152922700023926307/listingassets/3018156954705163279,https://developer.microsoft.com/en-us/dashboard/apps/9N949BZL5KM2/submissions/1152921505700550202/listings/1152922700023926309/listingassets/3018156954705163279,https://developer.microsoft.com/en-us/dashboard/apps/9N949BZL5KM2/submissions/1152921505700550202/listings/1152922700023926311/listingassets/3018156954705163279,https://developer.microsoft.com/en-us/dashboard/apps/9N949BZL5KM2/submissions/1152921505700550202/listings/1152922700023926313/listingassets/3018156954705163279,https://developer.microsoft.com/en-us/dashboard/apps/9N949BZL5KM2/submissions/1152921505700550202/listings/1152922700023926315/listingassets/3018156954705163279,https://developer.microsoft.com/en-us/dashboard/apps/9N949BZL5KM2/submissions/1152921505700550202/listings/1152922700023926317/listingassets/3018156954705163279,https://developer.microsoft.com/en-us/dashboard/apps/9N949BZL5KM2/submissions/1152921505700550202/listings/1152922700023926319/listingassets/3018156954705163279,https://developer.microsoft.com/en-us/dashboard/apps/9N949BZL5KM2/submissions/1152921505700550202/listings/1152922700023926321/listingassets/3018156954705163279,https://developer.microsoft.com/en-us/dashboard/apps/9N949BZL5KM2/submissions/1152921505700550202/listings/1152922700023926323/listingassets/3018156954705163279,https://developer.microsoft.com/en-us/dashboard/apps/9N949BZL5KM2/submissions/1152921505700550202/listings/1152922700023926325/listingassets/3018156954705163279,https://developer.microsoft.com/en-us/dashboard/apps/9N949BZL5KM2/submissions/1152921505700550202/listings/1152922700023926327/listingassets/3018156954705163279,https://developer.microsoft.com/en-us/dashboard/apps/9N949BZL5KM2/submissions/1152921505700550202/listings/1152922700023926359/listingassets/3018156954705163279,https://developer.microsoft.com/en-us/dashboard/apps/9N949BZL5KM2/submissions/1152921505700550202/listings/1152922700023926357/listingassets/3018156954705163279,https://developer.microsoft.com/en-us/dashboard/apps/9N949BZL5KM2/submissions/1152921505700550202/listings/1152922700023926355/listingassets/3018156954705163279,https://developer.microsoft.com/en-us/dashboard/apps/9N949BZL5KM2/submissions/1152921505700550202/listings/1152922700023926353/listingassets/3018156954705163279,https://developer.microsoft.com/en-us/dashboard/apps/9N949BZL5KM2/submissions/1152921505700550202/listings/1152922700023926330/listingassets/3018156954705163279,https://developer.microsoft.com/en-us/dashboard/apps/9N949BZL5KM2/submissions/1152921505700550202/listings/1152922700023926332/listingassets/3018156954705163279,https://developer.microsoft.com/en-us/dashboard/apps/9N949BZL5KM2/submissions/1152921505700550202/listings/1152922700023926334/listingassets/3018156954705163279,https://developer.microsoft.com/en-us/dashboard/apps/9N949BZL5KM2/submissions/1152921505700550202/listings/1152922700023926336/listingassets/3018156954705163279,https://developer.microsoft.com/en-us/dashboard/apps/9N949BZL5KM2/submissions/1152921505700550202/listings/1152922700023926338/listingassets/3018156954705163279,https://developer.microsoft.com/en-us/dashboard/apps/9N949BZL5KM2/submissions/1152921505700550202/listings/1152922700023926340/listingassets/3018156954705163279,https://developer.microsoft.com/en-us/dashboard/apps/9N949BZL5KM2/submissions/1152921505700550202/listings/1152922700023926342/listingassets/3018156954705163279,https://developer.microsoft.com/en-us/dashboard/apps/9N949BZL5KM2/submissions/1152921505700550202/listings/1152922700023926344/listingassets/3018156954705163279,https://developer.microsoft.com/en-us/dashboard/apps/9N949BZL5KM2/submissions/1152921505700550202/listings/1152922700023926346/listingassets/3018156954705163279,https://developer.microsoft.com/en-us/dashboard/apps/9N949BZL5KM2/submissions/1152921505700550202/listings/1152922700023926348/listingassets/3018156954705163279,https://developer.microsoft.com/en-us/dashboard/apps/9N949BZL5KM2/submissions/1152921505700550202/listings/1152922700023926350/listingassets/3018156954705163279,https://developer.microsoft.com/en-us/dashboard/apps/9N949BZL5KM2/submissions/1152921505700550202/listings/1152922700023926389/listingassets/3018156954705163279,https://developer.microsoft.com/en-us/dashboard/apps/9N949BZL5KM2/submissions/1152921505700550202/listings/1152922700023926387/listingassets/3018156954705163279,https://developer.microsoft.com/en-us/dashboard/apps/9N949BZL5KM2/submissions/1152921505700550202/listings/1152922700023926385/listingassets/3018156954705163279,https://developer.microsoft.com/en-us/dashboard/apps/9N949BZL5KM2/submissions/1152921505700550202/listings/1152922700023926383/listingassets/3018156954705163279,https://developer.microsoft.com/en-us/dashboard/apps/9N949BZL5KM2/submissions/1152921505700550202/listings/1152922700023926381/listingassets/3018156954705163279,https://developer.microsoft.com/en-us/dashboard/apps/9N949BZL5KM2/submissions/1152921505700550202/listings/1152922700023926379/listingassets/3018156954705163279,https://developer.microsoft.com/en-us/dashboard/apps/9N949BZL5KM2/submissions/1152921505700550202/listings/1152922700023926377/listingassets/3018156954705163279
StoreLogo300x300,602,Relative path (or URL to file in Partner Center),,,,,,,,,,,,,,,,,,,,,,,,,,,,,,,,,,,,,,,
OverrideLogosForWin10,603,True/False,,False,False,False,False,False,False,False,False,False,False,False,False,False,False,False,False,False,False,False,False,False,False,False,False,False,False,False,False,False,False,False,False,False,False,False,False,False,False
StoreLogoOverride150x150,604,Relative path (or URL to file in Partner Center),,,,,,,,,,,,,,,,,,,,,,,,,,,,,,,,,,,,,,,
StoreLogoOverride71x71,605,Relative path (or URL to file in Partner Center),,,,,,,,,,,,,,,,,,,,,,,,,,,,,,,,,,,,,,,
PromoImage1920x1080,606,Relative path (or URL to file in Partner Center),,,,,,,,,,,,,,,,,,,,,,,,,,,,,,,,,,,,,,,
PromoImage2400x1200,607,Relative path (or URL to file in Partner Center),,,,,,,,,,,,,,,,,,,,,,,,,,,,,,,,,,,,,,,
XboxBrandedKeyArt584x800,608,Relative path (or URL to file in Partner Center),,,,,,,,,,,,,,,,,,,,,,,,,,,,,,,,,,,,,,,
XboxTitledHero1920x1080,609,Relative path (or URL to file in Partner Center),,,,,,,,,,,,,,,,,,,,,,,,,,,,,,,,,,,,,,,
XboxFeaturedPromo1080x1080,610,Relative path (or URL to file in Partner Center),,,,,,,,,,,,,,,,,,,,,,,,,,,,,,,,,,,,,,,
OptionalPromo358x358,611,Relative path (or URL to file in Partner Center),,,,,,,,,,,,,,,,,,,,,,,,,,,,,,,,,,,,,,,
OptionalPromo1000x800,612,Relative path (or URL to file in Partner Center),,,,,,,,,,,,,,,,,,,,,,,,,,,,,,,,,,,,,,,
OptionalPromo414x180,613,Relative path (or URL to file in Partner Center),,,,,,,,,,,,,,,,,,,,,,,,,,,,,,,,,,,,,,,
Feature1,700,Text,,Supports most formats thanks to the MediaInfo library,يدعم معظم التنسيقات بفضل مكتبة MediaInfo,Падтрымлівае большасць фарматаў дзякуючы бібліятэцы MediaInfo,Поддържа повечето формати благодарение на библиотеката MediaInfo,Admet la majoria de formats gràcies a la biblioteca MediaInfo,Podpora většiny formátů díky knihovně MediaInfo,Understøtter de fleste formater takket være MediaInfo-biblioteket,Unterstützt dank der MediaInfo-Bibliothek die meisten Formate,Υποστηρίζει τα περισσότερα φορμά χάρη στη βιβλιοθήκη MediaInfo,Compatible con la mayoría de formatos gracias a la biblioteca MediaInfo,Formatu gehienak onartzen ditu MediaInfo liburutegiari esker,به لطف کتابخانهٔ MediaInfo از بیشتر فرمت‌ها پشتیبانی می‌کند,Prend en charge la plupart des formats grâce à la bibliothèque MediaInfo,Compatible coa maioría dos formatos grazas á biblioteca MediaInfo,Podržava većinu formata zahvaljujući biblioteci MediaInfo,A MediaInfo könyvtárnak köszönhetően a legtöbb formátumot támogatja,Աջակցում է մեծաթիվ ձևաչափերի՝ MediaInfo գրադարանի շնորհիվ,Mendukung sebagian besar format berkat pustaka MediaInfo,Supporta la maggior parte dei formati grazie alla libreria MediaInfo,MediaInfo ライブラリにより、ほとんどの形式に対応,MediaInfo ბიბლიოთეკის წყალობით უმეტეს ფორმატს უჭერს მხარს,MediaInfo 라이브러리로 대부분의 형식 지원,Dėl MediaInfo bibliotekos palaikoma dauguma formatų,Ondersteunt de meeste indelingen dankzij de MediaInfo-bibliotheek,Obsługuje większość formatów dzięki bibliotece MediaInfo,Suporta a maioria dos formatos graças à biblioteca MediaInfo,Compatível com a maioria dos formatos graças à biblioteca MediaInfo,Acceptă majoritatea formatelor datorită bibliotecii MediaInfo,Поддерживает большинство форматов благодаря библиотеке MediaInfo,Podporuje väčšinu formátov vďaka knižnici MediaInfo,Mbështet shumicën e formateve falë bibliotekës MediaInfo,Stöder de flesta format tack vare biblioteket MediaInfo,รองรับฟอร์แมตส่วนใหญ่ด้วยไลบรารี MediaInfo,MediaInfo kitaplığı sayesinde çoğu biçimi destekler,Підтримує більшість форматів завдяки бібліотеці MediaInfo,借助 MediaInfo 库支持大多数格式,靠 MediaInfo 程式庫支援大部分格式,透過 MediaInfo 程式庫支援多數格式
Feature2,701,Text,,Fluent design,تصميم Fluent,Fluent-дызайн,Fluent дизайн,Disseny Fluent,Fluent design,Fluent-design,Fluent-Design,Fluent σχεδίαση,Diseño Fluent,Fluent diseinua,طراحی Fluent,Design Fluent,Deseño Fluent,Fluent dizajn,Fluent dizájn,Fluent ձևավորում,Desain Fluent,Fluent Design,Fluent デザイン,Fluent დიზაინი,Fluent 디자인,Fluent dizainas,Fluent-ontwerp,Styl Fluent,Design Fluent,Design fluente,Design Fluent,Дизайн Fluent,Fluent dizajn,Dizajn Fluent,Fluent-design,ดีไซน์ Fluent,Fluent tasarım,Дизайн Fluent,Fluent 设计,Fluent 設計,Fluent 設計
Feature3,702,Text,,Context menu integration,تكامل قائمة السياق,Інтэграцыя ў кантэкстнае меню,Интеграция в контекстното меню,Integració al menú contextual,Integrace do kontextové nabídky,Integration i genvejsmenu,Integration ins Kontextmenü,Ενσωμάτωση μενού περιβάλλοντος,Integración con el menú contextual,Testuinguru-menurako integrazioa,یکپارچه‌سازی با منوی زمینه,Intégration au menu contextuel,Integración no menú contextual,Integracija u kontekstni izbornik,Integráció a helyi menübe,Համատեքստային ընտրացանկի ինտեգրում,Integrasi menu konteks,Integrazione nel menu contestuale,コンテキスト メニューとの統合,კონტექსტური მენიუს ინტეგრაცია,상황에 맞는 메뉴 통합,Integracija su kontekstiniu meniu,Integratie met contextmenu,Integracja z menu kontekstowym,Integração no menu de contexto,Integração com o menu de contexto,Integrare în meniul contextual,Интеграция с контекстным меню,Integrácia do kontextovej ponuky,Integrim me menunë e kontekstit,Integrering med snabbmenyn,ผสานรวมกับเมนูบริบท,Bağlam menüsü tümleştirmesi,Інтеграція з контекстним меню,集成到上下文菜单,整合內容功能表,整合內容功能表
Feature4,703,Text,,,,,,,,,,,,,,,,,,,,,,,,,,,,,,,,,,,,,,,
Feature5,704,Text,,,,,,,,,,,,,,,,,,,,,,,,,,,,,,,,,,,,,,,
Feature6,705,Text,,,,,,,,,,,,,,,,,,,,,,,,,,,,,,,,,,,,,,,
Feature7,706,Text,,,,,,,,,,,,,,,,,,,,,,,,,,,,,,,,,,,,,,,
Feature8,707,Text,,,,,,,,,,,,,,,,,,,,,,,,,,,,,,,,,,,,,,,
Feature9,708,Text,,,,,,,,,,,,,,,,,,,,,,,,,,,,,,,,,,,,,,,
Feature10,709,Text,,,,,,,,,,,,,,,,,,,,,,,,,,,,,,,,,,,,,,,
Feature11,710,Text,,,,,,,,,,,,,,,,,,,,,,,,,,,,,,,,,,,,,,,
Feature12,711,Text,,,,,,,,,,,,,,,,,,,,,,,,,,,,,,,,,,,,,,,
Feature13,712,Text,,,,,,,,,,,,,,,,,,,,,,,,,,,,,,,,,,,,,,,
Feature14,713,Text,,,,,,,,,,,,,,,,,,,,,,,,,,,,,,,,,,,,,,,
Feature15,714,Text,,,,,,,,,,,,,,,,,,,,,,,,,,,,,,,,,,,,,,,
Feature16,715,Text,,,,,,,,,,,,,,,,,,,,,,,,,,,,,,,,,,,,,,,
Feature17,716,Text,,,,,,,,,,,,,,,,,,,,,,,,,,,,,,,,,,,,,,,
Feature18,717,Text,,,,,,,,,,,,,,,,,,,,,,,,,,,,,,,,,,,,,,,
Feature19,718,Text,,,,,,,,,,,,,,,,,,,,,,,,,,,,,,,,,,,,,,,
Feature20,719,Text,,,,,,,,,,,,,,,,,,,,,,,,,,,,,,,,,,,,,,,
MinimumHardwareReq1,800,Text,,,,,,,,,,,,,,,,,,,,,,,,,,,,,,,,,,,,,,,
MinimumHardwareReq2,801,Text,,,,,,,,,,,,,,,,,,,,,,,,,,,,,,,,,,,,,,,
MinimumHardwareReq3,802,Text,,,,,,,,,,,,,,,,,,,,,,,,,,,,,,,,,,,,,,,
MinimumHardwareReq4,803,Text,,,,,,,,,,,,,,,,,,,,,,,,,,,,,,,,,,,,,,,
MinimumHardwareReq5,804,Text,,,,,,,,,,,,,,,,,,,,,,,,,,,,,,,,,,,,,,,
MinimumHardwareReq6,805,Text,,,,,,,,,,,,,,,,,,,,,,,,,,,,,,,,,,,,,,,
MinimumHardwareReq7,806,Text,,,,,,,,,,,,,,,,,,,,,,,,,,,,,,,,,,,,,,,
MinimumHardwareReq8,807,Text,,,,,,,,,,,,,,,,,,,,,,,,,,,,,,,,,,,,,,,
MinimumHardwareReq9,808,Text,,,,,,,,,,,,,,,,,,,,,,,,,,,,,,,,,,,,,,,
MinimumHardwareReq10,809,Text,,,,,,,,,,,,,,,,,,,,,,,,,,,,,,,,,,,,,,,
MinimumHardwareReq11,810,Text,,,,,,,,,,,,,,,,,,,,,,,,,,,,,,,,,,,,,,,
RecommendedHardwareReq1,850,Text,,,,,,,,,,,,,,,,,,,,,,,,,,,,,,,,,,,,,,,
RecommendedHardwareReq2,851,Text,,,,,,,,,,,,,,,,,,,,,,,,,,,,,,,,,,,,,,,
RecommendedHardwareReq3,852,Text,,,,,,,,,,,,,,,,,,,,,,,,,,,,,,,,,,,,,,,
RecommendedHardwareReq4,853,Text,,,,,,,,,,,,,,,,,,,,,,,,,,,,,,,,,,,,,,,
RecommendedHardwareReq5,854,Text,,,,,,,,,,,,,,,,,,,,,,,,,,,,,,,,,,,,,,,
RecommendedHardwareReq6,855,Text,,,,,,,,,,,,,,,,,,,,,,,,,,,,,,,,,,,,,,,
RecommendedHardwareReq7,856,Text,,,,,,,,,,,,,,,,,,,,,,,,,,,,,,,,,,,,,,,
RecommendedHardwareReq8,857,Text,,,,,,,,,,,,,,,,,,,,,,,,,,,,,,,,,,,,,,,
RecommendedHardwareReq9,858,Text,,,,,,,,,,,,,,,,,,,,,,,,,,,,,,,,,,,,,,,
RecommendedHardwareReq10,859,Text,,,,,,,,,,,,,,,,,,,,,,,,,,,,,,,,,,,,,,,
RecommendedHardwareReq11,860,Text,,,,,,,,,,,,,,,,,,,,,,,,,,,,,,,,,,,,,,,
SearchTerm1,900,Text,,MediaInfo,MediaInfo,MediaInfo,MediaInfo,MediaInfo,MediaInfo,MediaInfo,MediaInfo,MediaInfo,MediaInfo,MediaInfo,MediaInfo,MediaInfo,MediaInfo,MediaInfo,MediaInfo,MediaInfo,MediaInfo,MediaInfo,MediaInfo,MediaInfo,MediaInfo,MediaInfo,MediaInfo,MediaInfo,MediaInfo,MediaInfo,MediaInfo,MediaInfo,MediaInfo,MediaInfo,MediaInfo,MediaInfo,MediaInfo,MediaInfo,MediaInfo,MediaInfo,MediaInfo
SearchTerm2,901,Text,,video,فيديو,відэа,видео,vídeo,video,video,Video,βίντεο,vídeo,bideoa,ویدیو,vidéo,vídeo,video,videó,տեսանյութ,video,video,video,ვიდეო,비디오,vaizdo įrašas,video,wideo,vídeo,vídeo,video,видео,video,video,video,วิดีโอ,video,відео,视频,影片,影片
SearchTerm3,902,Text,,metadata,بيانات التعريف,метаданыя,метаданни,metadades,metadata,metadata,Metadaten,μεταδεδομένα,metadatos,metadatuak,فراداده,métadonnées,metadatos,metapodaci,metaadatok,մետատվյալներ,metadata,metadati,metadata,მეტამონაცემები,메타데이터,metaduomenys,metadata,metadane,metadados,metadados,metadate,метаданные,metadáta,metadata,metadata,เมทาดาทา,üst veri,метадані,元数据,中繼資料,中繼資料
SearchTerm4,903,Text,,mp4,mp4,mp4,mp4,mp4,mp4,mp4,mp4,mp4,mp4,mp4,mp4,mp4,mp4,mp4,mp4,mp4,mp4,mp4,mp4,mp4,mp4,mp4,mp4,mp4,mp4,mp4,mp4,mp4,mp4,mp4,mp4,mp4,mp4,mp4,mp4,mp4,mp4
SearchTerm5,904,Text,,mkv,mkv,mkv,mkv,mkv,mkv,mkv,mkv,mkv,mkv,mkv,mkv,mkv,mkv,mkv,mkv,mkv,mkv,mkv,mkv,mkv,mkv,mkv,mkv,mkv,mkv,mkv,mkv,mkv,mkv,mkv,mkv,mkv,mkv,mkv,mkv,mkv,mkv
SearchTerm6,905,Text,,webm,webm,webm,webm,webm,webm,webm,webm,webm,webm,webm,webm,webm,webm,webm,webm,webm,webm,webm,webm,webm,webm,webm,webm,webm,webm,webm,webm,webm,webm,webm,webm,webm,webm,webm,webm,webm,webm
SearchTerm7,906,Text,,bitrate,معدل البت,бітрэйт,битрейт,bitrate,datový tok,bitrate,Bitrate,bitrate,tasa de bits,bitrate,نرخ بیت,débit binaire,taxa de bits,bitrate,bitráta,բիթրեյթ,bitrate,bitrate,bitrate,ბიტრეიტი,비트 전송률,bitrate,bitrate,bitrate,taxa de bits,bitrate,bitrate,битрейт,bitrate,bitrate,bitrate,บิตเรต,bit hızı,бітрейт,比特率,位元率,位元率
TrailerToPlayAtTopOfListing,999,Relative path (or URL to file in Partner Center),,,,,,,,,,,,,,,,,,,,,,,,,,,,,,,,,,,,,,,
Trailer1,1000,Relative path (or URL to file in Partner Center),,,,,,,,,,,,,,,,,,,,,,,,,,,,,,,,,,,,,,,
Trailer2,1001,Relative path (or URL to file in Partner Center),,,,,,,,,,,,,,,,,,,,,,,,,,,,,,,,,,,,,,,
Trailer3,1002,Relative path (or URL to file in Partner Center),,,,,,,,,,,,,,,,,,,,,,,,,,,,,,,,,,,,,,,
Trailer4,1003,Relative path (or URL to file in Partner Center),,,,,,,,,,,,,,,,,,,,,,,,,,,,,,,,,,,,,,,
Trailer5,1004,Relative path (or URL to file in Partner Center),,,,,,,,,,,,,,,,,,,,,,,,,,,,,,,,,,,,,,,
Trailer6,1005,Relative path (or URL to file in Partner Center),,,,,,,,,,,,,,,,,,,,,,,,,,,,,,,,,,,,,,,
Trailer7,1006,Relative path (or URL to file in Partner Center),,,,,,,,,,,,,,,,,,,,,,,,,,,,,,,,,,,,,,,
Trailer8,1007,Relative path (or URL to file in Partner Center),,,,,,,,,,,,,,,,,,,,,,,,,,,,,,,,,,,,,,,
Trailer9,1008,Relative path (or URL to file in Partner Center),,,,,,,,,,,,,,,,,,,,,,,,,,,,,,,,,,,,,,,
Trailer10,1009,Relative path (or URL to file in Partner Center),,,,,,,,,,,,,,,,,,,,,,,,,,,,,,,,,,,,,,,
Trailer11,1010,Relative path (or URL to file in Partner Center),,,,,,,,,,,,,,,,,,,,,,,,,,,,,,,,,,,,,,,
Trailer12,1011,Relative path (or URL to file in Partner Center),,,,,,,,,,,,,,,,,,,,,,,,,,,,,,,,,,,,,,,
Trailer13,1012,Relative path (or URL to file in Partner Center),,,,,,,,,,,,,,,,,,,,,,,,,,,,,,,,,,,,,,,
Trailer14,1013,Relative path (or URL to file in Partner Center),,,,,,,,,,,,,,,,,,,,,,,,,,,,,,,,,,,,,,,
Trailer15,1014,Relative path (or URL to file in Partner Center),,,,,,,,,,,,,,,,,,,,,,,,,,,,,,,,,,,,,,,
TrailerTitle1,1020,Text,,,,,,,,,,,,,,,,,,,,,,,,,,,,,,,,,,,,,,,
TrailerTitle2,1021,Text,,,,,,,,,,,,,,,,,,,,,,,,,,,,,,,,,,,,,,,
TrailerTitle3,1022,Text,,,,,,,,,,,,,,,,,,,,,,,,,,,,,,,,,,,,,,,
TrailerTitle4,1023,Text,,,,,,,,,,,,,,,,,,,,,,,,,,,,,,,,,,,,,,,
TrailerTitle5,1024,Text,,,,,,,,,,,,,,,,,,,,,,,,,,,,,,,,,,,,,,,
TrailerTitle6,1025,Text,,,,,,,,,,,,,,,,,,,,,,,,,,,,,,,,,,,,,,,
TrailerTitle7,1026,Text,,,,,,,,,,,,,,,,,,,,,,,,,,,,,,,,,,,,,,,
TrailerTitle8,1027,Text,,,,,,,,,,,,,,,,,,,,,,,,,,,,,,,,,,,,,,,
TrailerTitle9,1028,Text,,,,,,,,,,,,,,,,,,,,,,,,,,,,,,,,,,,,,,,
TrailerTitle10,1029,Text,,,,,,,,,,,,,,,,,,,,,,,,,,,,,,,,,,,,,,,
TrailerTitle11,1030,Text,,,,,,,,,,,,,,,,,,,,,,,,,,,,,,,,,,,,,,,
TrailerTitle12,1031,Text,,,,,,,,,,,,,,,,,,,,,,,,,,,,,,,,,,,,,,,
TrailerTitle13,1032,Text,,,,,,,,,,,,,,,,,,,,,,,,,,,,,,,,,,,,,,,
TrailerTitle14,1033,Text,,,,,,,,,,,,,,,,,,,,,,,,,,,,,,,,,,,,,,,
TrailerTitle15,1034,Text,,,,,,,,,,,,,,,,,,,,,,,,,,,,,,,,,,,,,,,
TrailerThumbnail1,1040,Relative path (or URL to file in Partner Center),,,,,,,,,,,,,,,,,,,,,,,,,,,,,,,,,,,,,,,
TrailerThumbnail2,1041,Relative path (or URL to file in Partner Center),,,,,,,,,,,,,,,,,,,,,,,,,,,,,,,,,,,,,,,
TrailerThumbnail3,1042,Relative path (or URL to file in Partner Center),,,,,,,,,,,,,,,,,,,,,,,,,,,,,,,,,,,,,,,
TrailerThumbnail4,1043,Relative path (or URL to file in Partner Center),,,,,,,,,,,,,,,,,,,,,,,,,,,,,,,,,,,,,,,
TrailerThumbnail5,1044,Relative path (or URL to file in Partner Center),,,,,,,,,,,,,,,,,,,,,,,,,,,,,,,,,,,,,,,
TrailerThumbnail6,1045,Relative path (or URL to file in Partner Center),,,,,,,,,,,,,,,,,,,,,,,,,,,,,,,,,,,,,,,
TrailerThumbnail7,1046,Relative path (or URL to file in Partner Center),,,,,,,,,,,,,,,,,,,,,,,,,,,,,,,,,,,,,,,
TrailerThumbnail8,1047,Relative path (or URL to file in Partner Center),,,,,,,,,,,,,,,,,,,,,,,,,,,,,,,,,,,,,,,
TrailerThumbnail9,1048,Relative path (or URL to file in Partner Center),,,,,,,,,,,,,,,,,,,,,,,,,,,,,,,,,,,,,,,
TrailerThumbnail10,1049,Relative path (or URL to file in Partner Center),,,,,,,,,,,,,,,,,,,,,,,,,,,,,,,,,,,,,,,
TrailerThumbnail11,1050,Relative path (or URL to file in Partner Center),,,,,,,,,,,,,,,,,,,,,,,,,,,,,,,,,,,,,,,
TrailerThumbnail12,1051,Relative path (or URL to file in Partner Center),,,,,,,,,,,,,,,,,,,,,,,,,,,,,,,,,,,,,,,
TrailerThumbnail13,1052,Relative path (or URL to file in Partner Center),,,,,,,,,,,,,,,,,,,,,,,,,,,,,,,,,,,,,,,
TrailerThumbnail14,1053,Relative path (or URL to file in Partner Center),,,,,,,,,,,,,,,,,,,,,,,,,,,,,,,,,,,,,,,
TrailerThumbnail15,1054,Relative path (or URL to file in Partner Center),,,,,,,,,,,,,,,,,,,,,,,,,,,,,,,,,,,,,,,
TrailerClosedCaption1,1055,Relative path (or URL to file in Partner Center),,,,,,,,,,,,,,,,,,,,,,,,,,,,,,,,,,,,,,,
TrailerClosedCaption2,1056,Relative path (or URL to file in Partner Center),,,,,,,,,,,,,,,,,,,,,,,,,,,,,,,,,,,,,,,
TrailerClosedCaption3,1057,Relative path (or URL to file in Partner Center),,,,,,,,,,,,,,,,,,,,,,,,,,,,,,,,,,,,,,,
TrailerClosedCaption4,1058,Relative path (or URL to file in Partner Center),,,,,,,,,,,,,,,,,,,,,,,,,,,,,,,,,,,,,,,
TrailerClosedCaption5,1059,Relative path (or URL to file in Partner Center),,,,,,,,,,,,,,,,,,,,,,,,,,,,,,,,,,,,,,,
TrailerClosedCaption6,1060,Relative path (or URL to file in Partner Center),,,,,,,,,,,,,,,,,,,,,,,,,,,,,,,,,,,,,,,
TrailerClosedCaption7,1061,Relative path (or URL to file in Partner Center),,,,,,,,,,,,,,,,,,,,,,,,,,,,,,,,,,,,,,,
TrailerClosedCaption8,1062,Relative path (or URL to file in Partner Center),,,,,,,,,,,,,,,,,,,,,,,,,,,,,,,,,,,,,,,
TrailerClosedCaption9,1063,Relative path (or URL to file in Partner Center),,,,,,,,,,,,,,,,,,,,,,,,,,,,,,,,,,,,,,,
TrailerClosedCaption10,1064,Relative path (or URL to file in Partner Center),,,,,,,,,,,,,,,,,,,,,,,,,,,,,,,,,,,,,,,
TrailerClosedCaption11,1065,Relative path (or URL to file in Partner Center),,,,,,,,,,,,,,,,,,,,,,,,,,,,,,,,,,,,,,,
TrailerClosedCaption12,1066,Relative path (or URL to file in Partner Center),,,,,,,,,,,,,,,,,,,,,,,,,,,,,,,,,,,,,,,
TrailerClosedCaption13,1067,Relative path (or URL to file in Partner Center),,,,,,,,,,,,,,,,,,,,,,,,,,,,,,,,,,,,,,,
TrailerClosedCaption14,1068,Relative path (or URL to file in Partner Center),,,,,,,,,,,,,,,,,,,,,,,,,,,,,,,,,,,,,,,
TrailerClosedCaption15,1069,Relative path (or URL to file in Partner Center),,,,,,,,,,,,,,,,,,,,,,,,,,,,,,,,,,,,,,,
TrailerAudioDescription1,1070,Relative path (or URL to file in Partner Center),,,,,,,,,,,,,,,,,,,,,,,,,,,,,,,,,,,,,,,
TrailerAudioDescription2,1071,Relative path (or URL to file in Partner Center),,,,,,,,,,,,,,,,,,,,,,,,,,,,,,,,,,,,,,,
TrailerAudioDescription3,1072,Relative path (or URL to file in Partner Center),,,,,,,,,,,,,,,,,,,,,,,,,,,,,,,,,,,,,,,
TrailerAudioDescription4,1073,Relative path (or URL to file in Partner Center),,,,,,,,,,,,,,,,,,,,,,,,,,,,,,,,,,,,,,,
TrailerAudioDescription5,1074,Relative path (or URL to file in Partner Center),,,,,,,,,,,,,,,,,,,,,,,,,,,,,,,,,,,,,,,
TrailerAudioDescription6,1075,Relative path (or URL to file in Partner Center),,,,,,,,,,,,,,,,,,,,,,,,,,,,,,,,,,,,,,,
TrailerAudioDescription7,1076,Relative path (or URL to file in Partner Center),,,,,,,,,,,,,,,,,,,,,,,,,,,,,,,,,,,,,,,
TrailerAudioDescription8,1077,Relative path (or URL to file in Partner Center),,,,,,,,,,,,,,,,,,,,,,,,,,,,,,,,,,,,,,,
TrailerAudioDescription9,1078,Relative path (or URL to file in Partner Center),,,,,,,,,,,,,,,,,,,,,,,,,,,,,,,,,,,,,,,
TrailerAudioDescription10,1079,Relative path (or URL to file in Partner Center),,,,,,,,,,,,,,,,,,,,,,,,,,,,,,,,,,,,,,,
TrailerAudioDescription11,1080,Relative path (or URL to file in Partner Center),,,,,,,,,,,,,,,,,,,,,,,,,,,,,,,,,,,,,,,
TrailerAudioDescription12,1081,Relative path (or URL to file in Partner Center),,,,,,,,,,,,,,,,,,,,,,,,,,,,,,,,,,,,,,,
TrailerAudioDescription13,1082,Relative path (or URL to file in Partner Center),,,,,,,,,,,,,,,,,,,,,,,,,,,,,,,,,,,,,,,
TrailerAudioDescription14,1083,Relative path (or URL to file in Partner Center),,,,,,,,,,,,,,,,,,,,,,,,,,,,,,,,,,,,,,,
TrailerAudioDescription15,1084,Relative path (or URL to file in Partner Center),,,,,,,,,,,,,,,,,,,,,,,,,,,,,,,,,,,,,,,
,,,,,,,,,,,,,,,,,,,,,,,,,,,,,,,,,,,,,,,,,
,,,,,,,,,,,,,,,,,,,,,,,,,,,,,,,,,,,,,,,,,
,,,,,,,,,,,,,,,,,,,,,,,,,,,,,,,,,,,,,,,,,
,,,,,,,,,,,,,,,,,,,,,,,,,,,,,,,,,,,,,,,,,
,,,,,,,,,,,,,,,,,,,,,,,,,,,,,,,,,,,,,,,,,
,,,,,,,,,,,,,,,,,,,,,,,,,,,,,,,,,,,,,,,,,
,,,,,,,,,,,,,,,,,,,,,,,,,,,,,,,,,,,,,,,,,
,,,,,,,,,,,,,,,,,,,,,,,,,,,,,,,,,,,,,,,,,
,,,,,,,,,,,,,,,,,,,,,,,,,,,,,,,,,,,,,,,,,
,,,,,,,,,,,,,,,,,,,,,,,,,,,,,,,,,,,,,,,,,
,,,,,,,,,,,,,,,,,,,,,,,,,,,,,,,,,,,,,,,,,
,,,,,,,,,,,,,,,,,,,,,,,,,,,,,,,,,,,,,,,,,
,,,,,,,,,,,,,,,,,,,,,,,,,,,,,,,,,,,,,,,,,
,,,,,,,,,,,,,,,,,,,,,,,,,,,,,,,,,,,,,,,,,
,,,,,,,,,,,,,,,,,,,,,,,,,,,,,,,,,,,,,,,,,
,,,,,,,,,,,,,,,,,,,,,,,,,,,,,,,,,,,,,,,,,
,,,,,,,,,,,,,,,,,,,,,,,,,,,,,,,,,,,,,,,,,
,,,,,,,,,,,,,,,,,,,,,,,,,,,,,,,,,,,,,,,,,
,,,,,,,,,,,,,,,,,,,,,,,,,,,,,,,,,,,,,,,,,
,,,,,,,,,,,,,,,,,,,,,,,,,,,,,,,,,,,,,,,,,
,,,,,,,,,,,,,,,,,,,,,,,,,,,,,,,,,,,,,,,,,
,,,,,,,,,,,,,,,,,,,,,,,,,,,,,,,,,,,,,,,,,
,,,,,,,,,,,,,,,,,,,,,,,,,,,,,,,,,,,,,,,,,
,,,,,,,,,,,,,,,,,,,,,,,,,,,,,,,,,,,,,,,,,